uniprot	pdb	complex_rmsd	1.0_aligned	1.0_comp	1.1_aligned	1.1_comp	1.2_aligned	1.2_comp	2.0_aligned	2.0_comp	2.1_aligned	2.1_comp	2.2_aligned	2.2_comp	2.3_aligned	2.3_comp	region_1	region_2	percent_region_1	percent_region_2	chain	gt_fn	af_filename	complex_fn	1_aligned	1_comp	2_aligned	2_comp
P07038	7ny1.cif_P07038_trimmed_128_1_pred.cif	16.394	5.331	66.71	0	0	0	0	3.871	60.686	0	0	0	0	0	0	892-917	562-625	100.0	100.0	A	7ny1.cif_P07038_trimmed_128_1_pred.cif	7ny1.cif_P07038_trimmed_128_1_pred.cif	data/output/complexes/P07038_0.pdb	5.331	66.71	3.871	60.686
P07038	7ny1.cif_P07038_trimmed_32_3_pred.cif	15.931	3.105	62.354	0	0	0	0	4.046	62.33	0	0	0	0	0	0	892-917	562-625	100.0	100.0	A	7ny1.cif_P07038_trimmed_32_3_pred.cif	7ny1.cif_P07038_trimmed_32_3_pred.cif	data/output/complexes/P07038_1.pdb	3.105	62.354	4.046	62.33
P07038	7ny1.cif_P07038_trimmed_16_2_pred.cif	17.577	3.328	68.06	0	0	0	0	3.849	66.102	0	0	0	0	0	0	892-917	562-625	100.0	100.0	A	7ny1.cif_P07038_trimmed_16_2_pred.cif	7ny1.cif_P07038_trimmed_16_2_pred.cif	data/output/complexes/P07038_2.pdb	3.328	68.06	3.849	66.102
P07038	7ny1.cif_P07038_trimmed_32_2_pred.cif	17.434	6.477	71.996	0	0	0	0	3.961	61.944	0	0	0	0	0	0	892-917	562-625	100.0	100.0	A	7ny1.cif_P07038_trimmed_32_2_pred.cif	7ny1.cif_P07038_trimmed_32_2_pred.cif	data/output/complexes/P07038_3.pdb	6.477	71.996	3.961	61.944
P07038	7ny1.cif_P07038_trimmed_256_2_pred.cif	14.239	2.696	45.139	0	0	0	0	6.221	51.216	0	0	0	0	0	0	892-917	562-625	100.0	100.0	A	7ny1.cif_P07038_trimmed_256_2_pred.cif	7ny1.cif_P07038_trimmed_256_2_pred.cif	data/output/complexes/P07038_4.pdb	2.696	45.139	6.221	51.216
P07038	7ny1.cif_P07038_trimmed_64_4_pred.cif	16.158	4.048	66.774	0	0	0	0	3.949	61.234	0	0	0	0	0	0	892-917	562-625	100.0	100.0	A	7ny1.cif_P07038_trimmed_64_4_pred.cif	7ny1.cif_P07038_trimmed_64_4_pred.cif	data/output/complexes/P07038_5.pdb	4.048	66.774	3.949	61.234
P07038	7ny1.cif_P07038_trimmed_16_0_pred.cif	17.63	5.532	74.314	0	0	0	0	4.336	64.492	0	0	0	0	0	0	892-917	562-625	100.0	100.0	A	7ny1.cif_P07038_trimmed_16_0_pred.cif	7ny1.cif_P07038_trimmed_16_0_pred.cif	data/output/complexes/P07038_6.pdb	5.532	74.314	4.336	64.492
P07038	7ny1.cif_P07038_trimmed_256_0_pred.cif	14.004	2.851	45.932	0	0	0	0	3.013	52.935	0	0	0	0	0	0	892-917	562-625	100.0	100.0	A	7ny1.cif_P07038_trimmed_256_0_pred.cif	7ny1.cif_P07038_trimmed_256_0_pred.cif	data/output/complexes/P07038_7.pdb	2.851	45.932	3.013	52.935
P07038	7ny1.cif_P07038_trimmed_256_3_pred.cif	15.085	2.859	52.949	0	0	0	0	2.891	55.5	0	0	0	0	0	0	892-917	562-625	100.0	100.0	A	7ny1.cif_P07038_trimmed_256_3_pred.cif	7ny1.cif_P07038_trimmed_256_3_pred.cif	data/output/complexes/P07038_8.pdb	2.859	52.949	2.891	55.5
P07038	7ny1.cif_P07038_trimmed_32_0_pred.cif	16.235	3.568	65.184	0	0	0	0	3.782	61.74	0	0	0	0	0	0	892-917	562-625	100.0	100.0	A	7ny1.cif_P07038_trimmed_32_0_pred.cif	7ny1.cif_P07038_trimmed_32_0_pred.cif	data/output/complexes/P07038_9.pdb	3.568	65.184	3.782	61.74
P07038	7ny1.cif_P07038_trimmed_64_2_pred.cif	16.003	3.015	56.689	0	0	0	0	3.787	62.031	0	0	0	0	0	0	892-917	562-625	100.0	100.0	A	7ny1.cif_P07038_trimmed_64_2_pred.cif	7ny1.cif_P07038_trimmed_64_2_pred.cif	data/output/complexes/P07038_10.pdb	3.015	56.689	3.787	62.031
P07038	7ny1.cif_P07038_trimmed_16_4_pred.cif	17.883	4.916	73.451	0	0	0	0	3.664	66.673	0	0	0	0	0	0	892-917	562-625	100.0	100.0	A	7ny1.cif_P07038_trimmed_16_4_pred.cif	7ny1.cif_P07038_trimmed_16_4_pred.cif	data/output/complexes/P07038_11.pdb	4.916	73.451	3.664	66.673
P07038	7ny1.cif_P07038_trimmed_64_3_pred.cif	15.579	3.283	56.594	0	0	0	0	3.499	55.872	0	0	0	0	0	0	892-917	562-625	100.0	100.0	A	7ny1.cif_P07038_trimmed_64_3_pred.cif	7ny1.cif_P07038_trimmed_64_3_pred.cif	data/output/complexes/P07038_12.pdb	3.283	56.594	3.499	55.872
P07038	7ny1.cif_P07038_trimmed_256_1_pred.cif	14.498	2.595	48.401	0	0	0	0	3.417	57.715	0	0	0	0	0	0	892-917	562-625	100.0	100.0	A	7ny1.cif_P07038_trimmed_256_1_pred.cif	7ny1.cif_P07038_trimmed_256_1_pred.cif	data/output/complexes/P07038_13.pdb	2.595	48.401	3.417	57.715
P07038	7ny1.cif_P07038_trimmed_256_4_pred.cif	15.464	3.392	58.75	0	0	0	0	3.879	59.165	0	0	0	0	0	0	892-917	562-625	100.0	100.0	A	7ny1.cif_P07038_trimmed_256_4_pred.cif	7ny1.cif_P07038_trimmed_256_4_pred.cif	data/output/complexes/P07038_14.pdb	3.392	58.75	3.879	59.165
P07038	7ny1.cif_P07038_trimmed_16_3_pred.cif	17.333	7.118	73.08	0	0	0	0	4.156	64.737	0	0	0	0	0	0	892-917	562-625	100.0	100.0	A	7ny1.cif_P07038_trimmed_16_3_pred.cif	7ny1.cif_P07038_trimmed_16_3_pred.cif	data/output/complexes/P07038_15.pdb	7.118	73.08	4.156	64.737
P07038	7ny1.cif_P07038_trimmed_64_1_pred.cif	15.867	5.121	63.364	0	0	0	0	3.408	58.389	0	0	0	0	0	0	892-917	562-625	100.0	100.0	A	7ny1.cif_P07038_trimmed_64_1_pred.cif	7ny1.cif_P07038_trimmed_64_1_pred.cif	data/output/complexes/P07038_16.pdb	5.121	63.364	3.408	58.389
P07038	7ny1.cif_P07038_trimmed_128_3_pred.cif	14.076	2.96	48.913	0	0	0	0	2.923	53.619	0	0	0	0	0	0	892-917	562-625	100.0	100.0	A	7ny1.cif_P07038_trimmed_128_3_pred.cif	7ny1.cif_P07038_trimmed_128_3_pred.cif	data/output/complexes/P07038_17.pdb	2.96	48.913	2.923	53.619
P07038	7ny1.cif_P07038_trimmed_128_4_pred.cif	14.646	3.028	47.741	0	0	0	0	3.381	53.843	0	0	0	0	0	0	892-917	562-625	100.0	100.0	A	7ny1.cif_P07038_trimmed_128_4_pred.cif	7ny1.cif_P07038_trimmed_128_4_pred.cif	data/output/complexes/P07038_18.pdb	3.028	47.741	3.381	53.843
P07038	7ny1.cif_P07038_trimmed_32_4_pred.cif	15.605	4.801	62.126	0	0	0	0	3.545	60.83	0	0	0	0	0	0	892-917	562-625	100.0	100.0	A	7ny1.cif_P07038_trimmed_32_4_pred.cif	7ny1.cif_P07038_trimmed_32_4_pred.cif	data/output/complexes/P07038_19.pdb	4.801	62.126	3.545	60.83
P07038	7ny1.cif_P07038_trimmed_128_0_pred.cif	14.623	2.773	47.708	0	0	0	0	6.87	51.708	0	0	0	0	0	0	892-917	562-625	100.0	100.0	A	7ny1.cif_P07038_trimmed_128_0_pred.cif	7ny1.cif_P07038_trimmed_128_0_pred.cif	data/output/complexes/P07038_20.pdb	2.773	47.708	6.87	51.708
P07038	7ny1.cif_P07038_trimmed_64_0_pred.cif	15.717	3.85	63.834	0	0	0	0	3.159	57.531	0	0	0	0	0	0	892-917	562-625	100.0	100.0	A	7ny1.cif_P07038_trimmed_64_0_pred.cif	7ny1.cif_P07038_trimmed_64_0_pred.cif	data/output/complexes/P07038_21.pdb	3.85	63.834	3.159	57.531
P07038	7ny1.cif_P07038_trimmed_128_2_pred.cif	15.011	3.291	57.133	0	0	0	0	3.238	57.25	0	0	0	0	0	0	892-917	562-625	100.0	100.0	A	7ny1.cif_P07038_trimmed_128_2_pred.cif	7ny1.cif_P07038_trimmed_128_2_pred.cif	data/output/complexes/P07038_22.pdb	3.291	57.133	3.238	57.25
P07038	7ny1.cif_P07038_trimmed_32_1_pred.cif	17.175	3.917	63.695	0	0	0	0	3.28	60.238	0	0	0	0	0	0	892-917	562-625	100.0	100.0	A	7ny1.cif_P07038_trimmed_32_1_pred.cif	7ny1.cif_P07038_trimmed_32_1_pred.cif	data/output/complexes/P07038_23.pdb	3.917	63.695	3.28	60.238
P07038	7ny1.cif_P07038_trimmed_16_1_pred.cif	17.62	5.313	73.502	0	0	0	0	4.252	64.155	0	0	0	0	0	0	892-917	562-625	100.0	100.0	A	7ny1.cif_P07038_trimmed_16_1_pred.cif	7ny1.cif_P07038_trimmed_16_1_pred.cif	data/output/complexes/P07038_24.pdb	5.313	73.502	4.252	64.155
Q8NQJ3	2kb3.cif_Q8NQJ3_trimmed_32_0_pred.cif	13.314	15.144	25.74	0	0	0	0	3.231	24.182	0	0	0	0	0	0	1-40	68-117	97.5	100.0	A	2kb3.cif_Q8NQJ3_trimmed_32_0_pred.cif	2kb3.cif_Q8NQJ3_trimmed_32_0_pred.cif	data/output/complexes/Q8NQJ3_25.pdb	15.144	25.74	3.231	24.182
Q8NQJ3	2kb3.cif_Q8NQJ3_trimmed_256_2_pred.cif	16.004	13.003	22.933	0	0	0	0	3.188	27.852	0	0	0	0	0	0	1-40	68-117	97.5	100.0	A	2kb3.cif_Q8NQJ3_trimmed_256_2_pred.cif	2kb3.cif_Q8NQJ3_trimmed_256_2_pred.cif	data/output/complexes/Q8NQJ3_26.pdb	13.003	22.933	3.188	27.852
Q8NQJ3	2kb3.cif_Q8NQJ3_trimmed_16_0_pred.cif	13.584	14.473	26.034	0	0	0	0	3.347	24.705	0	0	0	0	0	0	1-40	68-117	97.5	100.0	A	2kb3.cif_Q8NQJ3_trimmed_16_0_pred.cif	2kb3.cif_Q8NQJ3_trimmed_16_0_pred.cif	data/output/complexes/Q8NQJ3_27.pdb	14.473	26.034	3.347	24.705
Q8NQJ3	2kb3.cif_Q8NQJ3_trimmed_256_3_pred.cif	14.172	16.305	18.41	0	0	0	0	3.249	24.548	0	0	0	0	0	0	1-40	68-117	97.5	100.0	A	2kb3.cif_Q8NQJ3_trimmed_256_3_pred.cif	2kb3.cif_Q8NQJ3_trimmed_256_3_pred.cif	data/output/complexes/Q8NQJ3_28.pdb	16.305	18.41	3.249	24.548
Q8NQJ3	2kb3.cif_Q8NQJ3_trimmed_256_4_pred.cif	13.643	16.068	18.353	0	0	0	0	3.145	23.587	0	0	0	0	0	0	1-40	68-117	97.5	100.0	A	2kb3.cif_Q8NQJ3_trimmed_256_4_pred.cif	2kb3.cif_Q8NQJ3_trimmed_256_4_pred.cif	data/output/complexes/Q8NQJ3_29.pdb	16.068	18.353	3.145	23.587
Q8NQJ3	2kb3.cif_Q8NQJ3_trimmed_64_4_pred.cif	14.631	14.913	26.531	0	0	0	0	3.332	26.616	0	0	0	0	0	0	1-40	68-117	97.5	100.0	A	2kb3.cif_Q8NQJ3_trimmed_64_4_pred.cif	2kb3.cif_Q8NQJ3_trimmed_64_4_pred.cif	data/output/complexes/Q8NQJ3_30.pdb	14.913	26.531	3.332	26.616
Q8NQJ3	2kb3.cif_Q8NQJ3_trimmed_32_3_pred.cif	13.023	13.346	18.956	0	0	0	0	3.42	22.349	0	0	0	0	0	0	1-40	68-117	97.5	100.0	A	2kb3.cif_Q8NQJ3_trimmed_32_3_pred.cif	2kb3.cif_Q8NQJ3_trimmed_32_3_pred.cif	data/output/complexes/Q8NQJ3_31.pdb	13.346	18.956	3.42	22.349
Q8NQJ3	2kb3.cif_Q8NQJ3_trimmed_64_3_pred.cif	15.609	15.509	28.555	0	0	0	0	3.165	27.294	0	0	0	0	0	0	1-40	68-117	97.5	100.0	A	2kb3.cif_Q8NQJ3_trimmed_64_3_pred.cif	2kb3.cif_Q8NQJ3_trimmed_64_3_pred.cif	data/output/complexes/Q8NQJ3_32.pdb	15.509	28.555	3.165	27.294
Q8NQJ3	2kb3.cif_Q8NQJ3_trimmed_128_3_pred.cif	15.866	13.486	25.827	0	0	0	0	3.348	27.414	0	0	0	0	0	0	1-40	68-117	97.5	100.0	A	2kb3.cif_Q8NQJ3_trimmed_128_3_pred.cif	2kb3.cif_Q8NQJ3_trimmed_128_3_pred.cif	data/output/complexes/Q8NQJ3_33.pdb	13.486	25.827	3.348	27.414
Q8NQJ3	2kb3.cif_Q8NQJ3_trimmed_64_0_pred.cif	12.991	10.743	20.624	0	0	0	0	3.22	23.938	0	0	0	0	0	0	1-40	68-117	97.5	100.0	A	2kb3.cif_Q8NQJ3_trimmed_64_0_pred.cif	2kb3.cif_Q8NQJ3_trimmed_64_0_pred.cif	data/output/complexes/Q8NQJ3_34.pdb	10.743	20.624	3.22	23.938
Q8NQJ3	2kb3.cif_Q8NQJ3_trimmed_128_1_pred.cif	14.275	14.759	27.102	0	0	0	0	3.27	25.72	0	0	0	0	0	0	1-40	68-117	97.5	100.0	A	2kb3.cif_Q8NQJ3_trimmed_128_1_pred.cif	2kb3.cif_Q8NQJ3_trimmed_128_1_pred.cif	data/output/complexes/Q8NQJ3_35.pdb	14.759	27.102	3.27	25.72
Q8NQJ3	2kb3.cif_Q8NQJ3_trimmed_64_1_pred.cif	14.428	14.035	23.075	0	0	0	0	3.14	24.933	0	0	0	0	0	0	1-40	68-117	97.5	100.0	A	2kb3.cif_Q8NQJ3_trimmed_64_1_pred.cif	2kb3.cif_Q8NQJ3_trimmed_64_1_pred.cif	data/output/complexes/Q8NQJ3_36.pdb	14.035	23.075	3.14	24.933
Q8NQJ3	2kb3.cif_Q8NQJ3_trimmed_128_2_pred.cif	12.57	13.314	22.497	0	0	0	0	3.309	22.971	0	0	0	0	0	0	1-40	68-117	97.5	100.0	A	2kb3.cif_Q8NQJ3_trimmed_128_2_pred.cif	2kb3.cif_Q8NQJ3_trimmed_128_2_pred.cif	data/output/complexes/Q8NQJ3_37.pdb	13.314	22.497	3.309	22.971
Q8NQJ3	2kb3.cif_Q8NQJ3_trimmed_16_4_pred.cif	14.434	14.444	27.367	0	0	0	0	3.298	26.019	0	0	0	0	0	0	1-40	68-117	97.5	100.0	A	2kb3.cif_Q8NQJ3_trimmed_16_4_pred.cif	2kb3.cif_Q8NQJ3_trimmed_16_4_pred.cif	data/output/complexes/Q8NQJ3_38.pdb	14.444	27.367	3.298	26.019
Q8NQJ3	2kb3.cif_Q8NQJ3_trimmed_256_0_pred.cif	14.764	12.429	25.138	0	0	0	0	3.358	25.611	0	0	0	0	0	0	1-40	68-117	97.5	100.0	A	2kb3.cif_Q8NQJ3_trimmed_256_0_pred.cif	2kb3.cif_Q8NQJ3_trimmed_256_0_pred.cif	data/output/complexes/Q8NQJ3_39.pdb	12.429	25.138	3.358	25.611
Q8NQJ3	2kb3.cif_Q8NQJ3_trimmed_32_2_pred.cif	12.294	12.432	21.94	0	0	0	0	3.231	23.238	0	0	0	0	0	0	1-40	68-117	97.5	100.0	A	2kb3.cif_Q8NQJ3_trimmed_32_2_pred.cif	2kb3.cif_Q8NQJ3_trimmed_32_2_pred.cif	data/output/complexes/Q8NQJ3_40.pdb	12.432	21.94	3.231	23.238
Q8NQJ3	2kb3.cif_Q8NQJ3_trimmed_16_1_pred.cif	13.636	11.051	25.42	0	0	0	0	3.403	25.948	0	0	0	0	0	0	1-40	68-117	97.5	100.0	A	2kb3.cif_Q8NQJ3_trimmed_16_1_pred.cif	2kb3.cif_Q8NQJ3_trimmed_16_1_pred.cif	data/output/complexes/Q8NQJ3_41.pdb	11.051	25.42	3.403	25.948
Q8NQJ3	2kb3.cif_Q8NQJ3_trimmed_128_4_pred.cif	12.177	10.87	18.361	0	0	0	0	3.265	23.802	0	0	0	0	0	0	1-40	68-117	97.5	100.0	A	2kb3.cif_Q8NQJ3_trimmed_128_4_pred.cif	2kb3.cif_Q8NQJ3_trimmed_128_4_pred.cif	data/output/complexes/Q8NQJ3_42.pdb	10.87	18.361	3.265	23.802
Q8NQJ3	2kb3.cif_Q8NQJ3_trimmed_256_1_pred.cif	14.689	11.733	24.317	0	0	0	0	3.302	28.094	0	0	0	0	0	0	1-40	68-117	97.5	100.0	A	2kb3.cif_Q8NQJ3_trimmed_256_1_pred.cif	2kb3.cif_Q8NQJ3_trimmed_256_1_pred.cif	data/output/complexes/Q8NQJ3_43.pdb	11.733	24.317	3.302	28.094
Q8NQJ3	2kb3.cif_Q8NQJ3_trimmed_16_3_pred.cif	13.946	14.681	20.846	0	0	0	0	4.705	23.63	0	0	0	0	0	0	1-40	68-117	97.5	100.0	A	2kb3.cif_Q8NQJ3_trimmed_16_3_pred.cif	2kb3.cif_Q8NQJ3_trimmed_16_3_pred.cif	data/output/complexes/Q8NQJ3_44.pdb	14.681	20.846	4.705	23.63
Q8NQJ3	2kb3.cif_Q8NQJ3_trimmed_32_4_pred.cif	12.685	15.263	23.913	0	0	0	0	3.286	23.525	0	0	0	0	0	0	1-40	68-117	97.5	100.0	A	2kb3.cif_Q8NQJ3_trimmed_32_4_pred.cif	2kb3.cif_Q8NQJ3_trimmed_32_4_pred.cif	data/output/complexes/Q8NQJ3_45.pdb	15.263	23.913	3.286	23.525
Q8NQJ3	2kb3.cif_Q8NQJ3_trimmed_16_2_pred.cif	11.838	15.378	24.309	0	0	0	0	3.363	23.232	0	0	0	0	0	0	1-40	68-117	97.5	100.0	A	2kb3.cif_Q8NQJ3_trimmed_16_2_pred.cif	2kb3.cif_Q8NQJ3_trimmed_16_2_pred.cif	data/output/complexes/Q8NQJ3_46.pdb	15.378	24.309	3.363	23.232
Q8NQJ3	2kb3.cif_Q8NQJ3_trimmed_64_2_pred.cif	13.285	10.717	21.219	0	0	0	0	3.214	23.717	0	0	0	0	0	0	1-40	68-117	97.5	100.0	A	2kb3.cif_Q8NQJ3_trimmed_64_2_pred.cif	2kb3.cif_Q8NQJ3_trimmed_64_2_pred.cif	data/output/complexes/Q8NQJ3_47.pdb	10.717	21.219	3.214	23.717
Q8NQJ3	2kb3.cif_Q8NQJ3_trimmed_32_1_pred.cif	15.171	14.641	21.577	0	0	0	0	3.13	26.223	0	0	0	0	0	0	1-40	68-117	97.5	100.0	A	2kb3.cif_Q8NQJ3_trimmed_32_1_pred.cif	2kb3.cif_Q8NQJ3_trimmed_32_1_pred.cif	data/output/complexes/Q8NQJ3_48.pdb	14.641	21.577	3.13	26.223
Q8NQJ3	2kb3.cif_Q8NQJ3_trimmed_128_0_pred.cif	15.365	13.811	26.198	0	0	0	0	3.411	26.643	0	0	0	0	0	0	1-40	68-117	97.5	100.0	A	2kb3.cif_Q8NQJ3_trimmed_128_0_pred.cif	2kb3.cif_Q8NQJ3_trimmed_128_0_pred.cif	data/output/complexes/Q8NQJ3_49.pdb	13.811	26.198	3.411	26.643
P00579	4llg.cif_P00579_trimmed_16_3_pred.cif	14.16	3.115	38.563	0	0	0	0	2.301	42.383	0	0	0	0	0	0	2-80	379-449	64.55696202531645	100.0	F	4llg.cif_P00579_trimmed_16_3_pred.cif	4llg.cif_P00579_trimmed_16_3_pred.cif	data/output/complexes/P00579_50.pdb	3.115	38.563	2.301	42.383
P00579	4llg.cif_P00579_trimmed_32_1_pred.cif	22.768	2.889	68.385	0	0	0	0	2.363	64.454	0	0	0	0	0	0	2-80	379-449	64.55696202531645	100.0	F	4llg.cif_P00579_trimmed_32_1_pred.cif	4llg.cif_P00579_trimmed_32_1_pred.cif	data/output/complexes/P00579_51.pdb	2.889	68.385	2.363	64.454
P00579	4llg.cif_P00579_trimmed_32_4_pred.cif	20.53	3.126	43.63	0	0	0	0	2.336	49.083	0	0	0	0	0	0	2-80	379-449	64.55696202531645	100.0	F	4llg.cif_P00579_trimmed_32_4_pred.cif	4llg.cif_P00579_trimmed_32_4_pred.cif	data/output/complexes/P00579_52.pdb	3.126	43.63	2.336	49.083
P00579	4llg.cif_P00579_trimmed_128_2_pred.cif	25.024	2.929	45.594	0	0	0	0	2.361	75.963	0	0	0	0	0	0	2-80	379-449	64.55696202531645	100.0	F	4llg.cif_P00579_trimmed_128_2_pred.cif	4llg.cif_P00579_trimmed_128_2_pred.cif	data/output/complexes/P00579_53.pdb	2.929	45.594	2.361	75.963
P00579	4llg.cif_P00579_trimmed_128_0_pred.cif	20.4	3.661	58.251	0	0	0	0	2.25	45.812	0	0	0	0	0	0	2-80	379-449	64.55696202531645	100.0	F	4llg.cif_P00579_trimmed_128_0_pred.cif	4llg.cif_P00579_trimmed_128_0_pred.cif	data/output/complexes/P00579_54.pdb	3.661	58.251	2.25	45.812
P00579	4llg.cif_P00579_trimmed_32_3_pred.cif	20.64	3.488	51.724	0	0	0	0	2.294	55.446	0	0	0	0	0	0	2-80	379-449	64.55696202531645	100.0	F	4llg.cif_P00579_trimmed_32_3_pred.cif	4llg.cif_P00579_trimmed_32_3_pred.cif	data/output/complexes/P00579_55.pdb	3.488	51.724	2.294	55.446
P00579	4llg.cif_P00579_trimmed_32_2_pred.cif	21.837	2.899	77.121	0	0	0	0	2.491	47.765	0	0	0	0	0	0	2-80	379-449	64.55696202531645	100.0	F	4llg.cif_P00579_trimmed_32_2_pred.cif	4llg.cif_P00579_trimmed_32_2_pred.cif	data/output/complexes/P00579_56.pdb	2.899	77.121	2.491	47.765
P00579	4llg.cif_P00579_trimmed_128_1_pred.cif	18.79	3.125	70.69	0	0	0	0	2.301	42.198	0	0	0	0	0	0	2-80	379-449	64.55696202531645	100.0	F	4llg.cif_P00579_trimmed_128_1_pred.cif	4llg.cif_P00579_trimmed_128_1_pred.cif	data/output/complexes/P00579_57.pdb	3.125	70.69	2.301	42.198
P00579	4llg.cif_P00579_trimmed_256_4_pred.cif	17.789	2.904	50.051	0	0	0	0	2.193	46.939	0	0	0	0	0	0	2-80	379-449	64.55696202531645	100.0	F	4llg.cif_P00579_trimmed_256_4_pred.cif	4llg.cif_P00579_trimmed_256_4_pred.cif	data/output/complexes/P00579_58.pdb	2.904	50.051	2.193	46.939
P00579	4llg.cif_P00579_trimmed_64_1_pred.cif	17.126	2.985	60.133	0	0	0	0	2.375	38.737	0	0	0	0	0	0	2-80	379-449	64.55696202531645	100.0	F	4llg.cif_P00579_trimmed_64_1_pred.cif	4llg.cif_P00579_trimmed_64_1_pred.cif	data/output/complexes/P00579_59.pdb	2.985	60.133	2.375	38.737
P00579	4llg.cif_P00579_trimmed_16_4_pred.cif	21.177	2.859	64.284	0	0	0	0	2.353	47.733	0	0	0	0	0	0	2-80	379-449	64.55696202531645	100.0	F	4llg.cif_P00579_trimmed_16_4_pred.cif	4llg.cif_P00579_trimmed_16_4_pred.cif	data/output/complexes/P00579_60.pdb	2.859	64.284	2.353	47.733
P00579	4llg.cif_P00579_trimmed_32_0_pred.cif	17.264	3.787	65.608	0	0	0	0	2.281	39.503	0	0	0	0	0	0	2-80	379-449	64.55696202531645	100.0	F	4llg.cif_P00579_trimmed_32_0_pred.cif	4llg.cif_P00579_trimmed_32_0_pred.cif	data/output/complexes/P00579_61.pdb	3.787	65.608	2.281	39.503
P00579	4llg.cif_P00579_trimmed_64_0_pred.cif	18.799	3.234	53.92	0	0	0	0	2.349	38.049	0	0	0	0	0	0	2-80	379-449	64.55696202531645	100.0	F	4llg.cif_P00579_trimmed_64_0_pred.cif	4llg.cif_P00579_trimmed_64_0_pred.cif	data/output/complexes/P00579_62.pdb	3.234	53.92	2.349	38.049
P00579	4llg.cif_P00579_trimmed_128_3_pred.cif	15.984	3.034	51.715	0	0	0	0	2.403	36.431	0	0	0	0	0	0	2-80	379-449	64.55696202531645	100.0	F	4llg.cif_P00579_trimmed_128_3_pred.cif	4llg.cif_P00579_trimmed_128_3_pred.cif	data/output/complexes/P00579_63.pdb	3.034	51.715	2.403	36.431
P00579	4llg.cif_P00579_trimmed_16_1_pred.cif	18.888	6.943	76.129	0	0	0	0	2.351	42.522	0	0	0	0	0	0	2-80	379-449	64.55696202531645	100.0	F	4llg.cif_P00579_trimmed_16_1_pred.cif	4llg.cif_P00579_trimmed_16_1_pred.cif	data/output/complexes/P00579_64.pdb	6.943	76.129	2.351	42.522
P00579	4llg.cif_P00579_trimmed_64_3_pred.cif	18.138	3.03	63.569	0	0	0	0	2.359	40.836	0	0	0	0	0	0	2-80	379-449	64.55696202531645	100.0	F	4llg.cif_P00579_trimmed_64_3_pred.cif	4llg.cif_P00579_trimmed_64_3_pred.cif	data/output/complexes/P00579_65.pdb	3.03	63.569	2.359	40.836
P00579	4llg.cif_P00579_trimmed_16_0_pred.cif	16.967	2.932	67.091	0	0	0	0	2.351	44.767	0	0	0	0	0	0	2-80	379-449	64.55696202531645	100.0	F	4llg.cif_P00579_trimmed_16_0_pred.cif	4llg.cif_P00579_trimmed_16_0_pred.cif	data/output/complexes/P00579_66.pdb	2.932	67.091	2.351	44.767
P00579	4llg.cif_P00579_trimmed_256_1_pred.cif	16.178	2.903	61.25	0	0	0	0	2.304	37.435	0	0	0	0	0	0	2-80	379-449	64.55696202531645	100.0	F	4llg.cif_P00579_trimmed_256_1_pred.cif	4llg.cif_P00579_trimmed_256_1_pred.cif	data/output/complexes/P00579_67.pdb	2.903	61.25	2.304	37.435
P00579	4llg.cif_P00579_trimmed_128_4_pred.cif	18.702	7.96	40.751	0	0	0	0	2.344	33.11	0	0	0	0	0	0	2-80	379-449	64.55696202531645	100.0	F	4llg.cif_P00579_trimmed_128_4_pred.cif	4llg.cif_P00579_trimmed_128_4_pred.cif	data/output/complexes/P00579_68.pdb	7.96	40.751	2.344	33.11
P00579	4llg.cif_P00579_trimmed_256_0_pred.cif	19.193	3.643	67.168	0	0	0	0	2.383	39.643	0	0	0	0	0	0	2-80	379-449	64.55696202531645	100.0	F	4llg.cif_P00579_trimmed_256_0_pred.cif	4llg.cif_P00579_trimmed_256_0_pred.cif	data/output/complexes/P00579_69.pdb	3.643	67.168	2.383	39.643
P00579	4llg.cif_P00579_trimmed_256_3_pred.cif	23.185	2.821	53.886	0	0	0	0	2.449	64.017	0	0	0	0	0	0	2-80	379-449	64.55696202531645	100.0	F	4llg.cif_P00579_trimmed_256_3_pred.cif	4llg.cif_P00579_trimmed_256_3_pred.cif	data/output/complexes/P00579_70.pdb	2.821	53.886	2.449	64.017
P00579	4llg.cif_P00579_trimmed_256_2_pred.cif	23.851	2.707	52.006	0	0	0	0	2.462	68.648	0	0	0	0	0	0	2-80	379-449	64.55696202531645	100.0	F	4llg.cif_P00579_trimmed_256_2_pred.cif	4llg.cif_P00579_trimmed_256_2_pred.cif	data/output/complexes/P00579_71.pdb	2.707	52.006	2.462	68.648
P00579	4llg.cif_P00579_trimmed_16_2_pred.cif	14.871	3.656	61.942	0	0	0	0	2.41	36.371	0	0	0	0	0	0	2-80	379-449	64.55696202531645	100.0	F	4llg.cif_P00579_trimmed_16_2_pred.cif	4llg.cif_P00579_trimmed_16_2_pred.cif	data/output/complexes/P00579_72.pdb	3.656	61.942	2.41	36.371
P00579	4llg.cif_P00579_trimmed_64_2_pred.cif	18.473	3.058	64.675	0	0	0	0	2.314	42.042	0	0	0	0	0	0	2-80	379-449	64.55696202531645	100.0	F	4llg.cif_P00579_trimmed_64_2_pred.cif	4llg.cif_P00579_trimmed_64_2_pred.cif	data/output/complexes/P00579_73.pdb	3.058	64.675	2.314	42.042
P00579	4llg.cif_P00579_trimmed_64_4_pred.cif	20.291	4.246	49.127	0	0	0	0	2.497	49.707	0	0	0	0	0	0	2-80	379-449	64.55696202531645	100.0	F	4llg.cif_P00579_trimmed_64_4_pred.cif	4llg.cif_P00579_trimmed_64_4_pred.cif	data/output/complexes/P00579_74.pdb	4.246	49.127	2.497	49.707
P60240	7m8e.cif_P60240_trimmed_32_0_pred.cif	14.975	3.393	26.651	0	0	0	0	3.512	41.34	0	0	0	0	0	0	1-110	147-416	99.0909090909091	100.0	F	7m8e.cif_P60240_trimmed_32_0_pred.cif	7m8e.cif_P60240_trimmed_32_0_pred.cif	data/output/complexes/P60240_75.pdb	3.393	26.651	3.512	41.34
P60240	7m8e.cif_P60240_trimmed_64_1_pred.cif	15.92	4.318	68.169	0	0	0	0	3.9	40.789	0	0	0	0	0	0	1-110	147-416	99.0909090909091	100.0	F	7m8e.cif_P60240_trimmed_64_1_pred.cif	7m8e.cif_P60240_trimmed_64_1_pred.cif	data/output/complexes/P60240_76.pdb	4.318	68.169	3.9	40.789
P60240	7m8e.cif_P60240_trimmed_16_3_pred.cif	16.759	11.004	82.432	0	0	0	0	4.471	42.778	0	0	0	0	0	0	1-110	147-416	99.0909090909091	100.0	F	7m8e.cif_P60240_trimmed_16_3_pred.cif	7m8e.cif_P60240_trimmed_16_3_pred.cif	data/output/complexes/P60240_77.pdb	11.004	82.432	4.471	42.778
P60240	7m8e.cif_P60240_trimmed_256_1_pred.cif	16.417	3.488	34.468	0	0	0	0	3.405	42.721	0	0	0	0	0	0	1-110	147-416	99.0909090909091	100.0	F	7m8e.cif_P60240_trimmed_256_1_pred.cif	7m8e.cif_P60240_trimmed_256_1_pred.cif	data/output/complexes/P60240_78.pdb	3.488	34.468	3.405	42.721
P60240	7m8e.cif_P60240_trimmed_32_2_pred.cif	13.917	3.041	47.8	0	0	0	0	3.466	32.812	0	0	0	0	0	0	1-110	147-416	99.0909090909091	100.0	F	7m8e.cif_P60240_trimmed_32_2_pred.cif	7m8e.cif_P60240_trimmed_32_2_pred.cif	data/output/complexes/P60240_79.pdb	3.041	47.8	3.466	32.812
P60240	7m8e.cif_P60240_trimmed_128_4_pred.cif	19.258	3.601	64.431	0	0	0	0	3.708	50.4	0	0	0	0	0	0	1-110	147-416	99.0909090909091	100.0	F	7m8e.cif_P60240_trimmed_128_4_pred.cif	7m8e.cif_P60240_trimmed_128_4_pred.cif	data/output/complexes/P60240_80.pdb	3.601	64.431	3.708	50.4
P60240	7m8e.cif_P60240_trimmed_64_2_pred.cif	16.153	3.224	28.44	0	0	0	0	3.827	42.389	0	0	0	0	0	0	1-110	147-416	99.0909090909091	100.0	F	7m8e.cif_P60240_trimmed_64_2_pred.cif	7m8e.cif_P60240_trimmed_64_2_pred.cif	data/output/complexes/P60240_81.pdb	3.224	28.44	3.827	42.389
P60240	7m8e.cif_P60240_trimmed_256_4_pred.cif	16.543	3.728	41.373	0	0	0	0	3.744	45.441	0	0	0	0	0	0	1-110	147-416	99.0909090909091	100.0	F	7m8e.cif_P60240_trimmed_256_4_pred.cif	7m8e.cif_P60240_trimmed_256_4_pred.cif	data/output/complexes/P60240_82.pdb	3.728	41.373	3.744	45.441
P60240	7m8e.cif_P60240_trimmed_64_3_pred.cif	18.782	3.69	66.159	0	0	0	0	3.739	50.082	0	0	0	0	0	0	1-110	147-416	99.0909090909091	100.0	F	7m8e.cif_P60240_trimmed_64_3_pred.cif	7m8e.cif_P60240_trimmed_64_3_pred.cif	data/output/complexes/P60240_83.pdb	3.69	66.159	3.739	50.082
P60240	7m8e.cif_P60240_trimmed_64_0_pred.cif	17.986	3.43	57.701	0	0	0	0	4.182	45.701	0	0	0	0	0	0	1-110	147-416	99.0909090909091	100.0	F	7m8e.cif_P60240_trimmed_64_0_pred.cif	7m8e.cif_P60240_trimmed_64_0_pred.cif	data/output/complexes/P60240_84.pdb	3.43	57.701	4.182	45.701
P60240	7m8e.cif_P60240_trimmed_128_1_pred.cif	21.341	4.051	61.75	0	0	0	0	3.603	56.435	0	0	0	0	0	0	1-110	147-416	99.0909090909091	100.0	F	7m8e.cif_P60240_trimmed_128_1_pred.cif	7m8e.cif_P60240_trimmed_128_1_pred.cif	data/output/complexes/P60240_85.pdb	4.051	61.75	3.603	56.435
P60240	7m8e.cif_P60240_trimmed_16_2_pred.cif	17.386	9.937	39.401	0	0	0	0	3.847	42.468	0	0	0	0	0	0	1-110	147-416	99.0909090909091	100.0	F	7m8e.cif_P60240_trimmed_16_2_pred.cif	7m8e.cif_P60240_trimmed_16_2_pred.cif	data/output/complexes/P60240_86.pdb	9.937	39.401	3.847	42.468
P60240	7m8e.cif_P60240_trimmed_256_2_pred.cif	17.672	3.165	54.742	0	0	0	0	3.06	47.097	0	0	0	0	0	0	1-110	147-416	99.0909090909091	100.0	F	7m8e.cif_P60240_trimmed_256_2_pred.cif	7m8e.cif_P60240_trimmed_256_2_pred.cif	data/output/complexes/P60240_87.pdb	3.165	54.742	3.06	47.097
P60240	7m8e.cif_P60240_trimmed_64_4_pred.cif	17.167	3.977	52.953	0	0	0	0	3.111	45.85	0	0	0	0	0	0	1-110	147-416	99.0909090909091	100.0	F	7m8e.cif_P60240_trimmed_64_4_pred.cif	7m8e.cif_P60240_trimmed_64_4_pred.cif	data/output/complexes/P60240_88.pdb	3.977	52.953	3.111	45.85
P60240	7m8e.cif_P60240_trimmed_128_2_pred.cif	17.829	3.526	56.426	0	0	0	0	3.322	47.696	0	0	0	0	0	0	1-110	147-416	99.0909090909091	100.0	F	7m8e.cif_P60240_trimmed_128_2_pred.cif	7m8e.cif_P60240_trimmed_128_2_pred.cif	data/output/complexes/P60240_89.pdb	3.526	56.426	3.322	47.696
P60240	7m8e.cif_P60240_trimmed_32_3_pred.cif	20.552	3.698	61.914	0	0	0	0	3.356	51.733	0	0	0	0	0	0	1-110	147-416	99.0909090909091	100.0	F	7m8e.cif_P60240_trimmed_32_3_pred.cif	7m8e.cif_P60240_trimmed_32_3_pred.cif	data/output/complexes/P60240_90.pdb	3.698	61.914	3.356	51.733
P60240	7m8e.cif_P60240_trimmed_16_4_pred.cif	17.452	7.927	70.641	0	0	0	0	3.886	41.085	0	0	0	0	0	0	1-110	147-416	99.0909090909091	100.0	F	7m8e.cif_P60240_trimmed_16_4_pred.cif	7m8e.cif_P60240_trimmed_16_4_pred.cif	data/output/complexes/P60240_91.pdb	7.927	70.641	3.886	41.085
P60240	7m8e.cif_P60240_trimmed_128_3_pred.cif	19.944	3.736	67.689	0	0	0	0	3.527	51.674	0	0	0	0	0	0	1-110	147-416	99.0909090909091	100.0	F	7m8e.cif_P60240_trimmed_128_3_pred.cif	7m8e.cif_P60240_trimmed_128_3_pred.cif	data/output/complexes/P60240_92.pdb	3.736	67.689	3.527	51.674
P60240	7m8e.cif_P60240_trimmed_32_1_pred.cif	16.991	5.16	68.644	0	0	0	0	3.175	45.34	0	0	0	0	0	0	1-110	147-416	99.0909090909091	100.0	F	7m8e.cif_P60240_trimmed_32_1_pred.cif	7m8e.cif_P60240_trimmed_32_1_pred.cif	data/output/complexes/P60240_93.pdb	5.16	68.644	3.175	45.34
P60240	7m8e.cif_P60240_trimmed_256_3_pred.cif	17.998	2.999	48.856	0	0	0	0	3.109	49.832	0	0	0	0	0	0	1-110	147-416	99.0909090909091	100.0	F	7m8e.cif_P60240_trimmed_256_3_pred.cif	7m8e.cif_P60240_trimmed_256_3_pred.cif	data/output/complexes/P60240_94.pdb	2.999	48.856	3.109	49.832
P60240	7m8e.cif_P60240_trimmed_128_0_pred.cif	15.669	3.155	30.443	0	0	0	0	4.097	41.375	0	0	0	0	0	0	1-110	147-416	99.0909090909091	100.0	F	7m8e.cif_P60240_trimmed_128_0_pred.cif	7m8e.cif_P60240_trimmed_128_0_pred.cif	data/output/complexes/P60240_95.pdb	3.155	30.443	4.097	41.375
P60240	7m8e.cif_P60240_trimmed_16_0_pred.cif	23.097	5.896	86.078	0	0	0	0	3.921	51.78	0	0	0	0	0	0	1-110	147-416	99.0909090909091	100.0	F	7m8e.cif_P60240_trimmed_16_0_pred.cif	7m8e.cif_P60240_trimmed_16_0_pred.cif	data/output/complexes/P60240_96.pdb	5.896	86.078	3.921	51.78
P60240	7m8e.cif_P60240_trimmed_32_4_pred.cif	21.656	3.912	66.554	0	0	0	0	3.349	59.258	0	0	0	0	0	0	1-110	147-416	99.0909090909091	100.0	F	7m8e.cif_P60240_trimmed_32_4_pred.cif	7m8e.cif_P60240_trimmed_32_4_pred.cif	data/output/complexes/P60240_97.pdb	3.912	66.554	3.349	59.258
P60240	7m8e.cif_P60240_trimmed_256_0_pred.cif	16.284	6.246	68.102	0	0	0	0	3.568	42.159	0	0	0	0	0	0	1-110	147-416	99.0909090909091	100.0	F	7m8e.cif_P60240_trimmed_256_0_pred.cif	7m8e.cif_P60240_trimmed_256_0_pred.cif	data/output/complexes/P60240_98.pdb	6.246	68.102	3.568	42.159
P60240	7m8e.cif_P60240_trimmed_16_1_pred.cif	20.176	4.164	51.183	0	0	0	0	4.175	50.775	0	0	0	0	0	0	1-110	147-416	99.0909090909091	100.0	F	7m8e.cif_P60240_trimmed_16_1_pred.cif	7m8e.cif_P60240_trimmed_16_1_pred.cif	data/output/complexes/P60240_99.pdb	4.164	51.183	4.175	50.775
P28482	4qp2.cif_P28482_trimmed_32_3_pred.cif	3.727	3.599	4.971	0	0	0	0	3.109	4.9	0	0	0	0	0	0	173-196	25-172	75.0	99.32432432432432	A	4qp2.cif_P28482_trimmed_32_3_pred.cif	4qp2.cif_P28482_trimmed_32_3_pred.cif	data/output/complexes/P28482_100.pdb	3.599	4.971	3.109	4.9
P28482	4qp2.cif_P28482_trimmed_256_2_pred.cif	5.248	3.848	3.894	0	0	0	0	2.762	4.346	0	0	0	0	0	0	173-196	25-172	75.0	99.32432432432432	A	4qp2.cif_P28482_trimmed_256_2_pred.cif	4qp2.cif_P28482_trimmed_256_2_pred.cif	data/output/complexes/P28482_101.pdb	3.848	3.894	2.762	4.346
P28482	4qp2.cif_P28482_trimmed_128_2_pred.cif	5.315	3.459	3.882	0	0	0	0	2.849	3.927	0	0	0	0	0	0	173-196	25-172	75.0	99.32432432432432	A	4qp2.cif_P28482_trimmed_128_2_pred.cif	4qp2.cif_P28482_trimmed_128_2_pred.cif	data/output/complexes/P28482_102.pdb	3.459	3.882	2.849	3.927
P28482	4qp2.cif_P28482_trimmed_64_1_pred.cif	5.051	3.318	5.37	0	0	0	0	2.931	4.618	0	0	0	0	0	0	173-196	25-172	75.0	99.32432432432432	A	4qp2.cif_P28482_trimmed_64_1_pred.cif	4qp2.cif_P28482_trimmed_64_1_pred.cif	data/output/complexes/P28482_103.pdb	3.318	5.37	2.931	4.618
P28482	4qp2.cif_P28482_trimmed_16_3_pred.cif	4.603	3.484	7.337	0	0	0	0	2.964	6.074	0	0	0	0	0	0	173-196	25-172	75.0	99.32432432432432	A	4qp2.cif_P28482_trimmed_16_3_pred.cif	4qp2.cif_P28482_trimmed_16_3_pred.cif	data/output/complexes/P28482_104.pdb	3.484	7.337	2.964	6.074
P28482	4qp2.cif_P28482_trimmed_256_3_pred.cif	3.508	3.458	4.246	0	0	0	0	2.798	4.009	0	0	0	0	0	0	173-196	25-172	75.0	99.32432432432432	A	4qp2.cif_P28482_trimmed_256_3_pred.cif	4qp2.cif_P28482_trimmed_256_3_pred.cif	data/output/complexes/P28482_105.pdb	3.458	4.246	2.798	4.009
P28482	4qp2.cif_P28482_trimmed_64_3_pred.cif	4.344	2.853	4.733	0	0	0	0	2.875	4.006	0	0	0	0	0	0	173-196	25-172	75.0	99.32432432432432	A	4qp2.cif_P28482_trimmed_64_3_pred.cif	4qp2.cif_P28482_trimmed_64_3_pred.cif	data/output/complexes/P28482_106.pdb	2.853	4.733	2.875	4.006
P28482	4qp2.cif_P28482_trimmed_128_3_pred.cif	4.962	3.562	4.25	0	0	0	0	2.759	4.218	0	0	0	0	0	0	173-196	25-172	75.0	99.32432432432432	A	4qp2.cif_P28482_trimmed_128_3_pred.cif	4qp2.cif_P28482_trimmed_128_3_pred.cif	data/output/complexes/P28482_107.pdb	3.562	4.25	2.759	4.218
P28482	4qp2.cif_P28482_trimmed_64_4_pred.cif	3.233	2.842	5.186	0	0	0	0	2.817	4.164	0	0	0	0	0	0	173-196	25-172	75.0	99.32432432432432	A	4qp2.cif_P28482_trimmed_64_4_pred.cif	4qp2.cif_P28482_trimmed_64_4_pred.cif	data/output/complexes/P28482_108.pdb	2.842	5.186	2.817	4.164
P28482	4qp2.cif_P28482_trimmed_128_4_pred.cif	4.25	2.84	3.903	0	0	0	0	2.931	3.361	0	0	0	0	0	0	173-196	25-172	75.0	99.32432432432432	A	4qp2.cif_P28482_trimmed_128_4_pred.cif	4qp2.cif_P28482_trimmed_128_4_pred.cif	data/output/complexes/P28482_109.pdb	2.84	3.903	2.931	3.361
P28482	4qp2.cif_P28482_trimmed_16_0_pred.cif	6.021	4.066	6.736	0	0	0	0	3.303	6.25	0	0	0	0	0	0	173-196	25-172	75.0	99.32432432432432	A	4qp2.cif_P28482_trimmed_16_0_pred.cif	4qp2.cif_P28482_trimmed_16_0_pred.cif	data/output/complexes/P28482_110.pdb	4.066	6.736	3.303	6.25
P28482	4qp2.cif_P28482_trimmed_64_0_pred.cif	4.544	3.225	5.0	0	0	0	0	2.952	4.07	0	0	0	0	0	0	173-196	25-172	75.0	99.32432432432432	A	4qp2.cif_P28482_trimmed_64_0_pred.cif	4qp2.cif_P28482_trimmed_64_0_pred.cif	data/output/complexes/P28482_111.pdb	3.225	5.0	2.952	4.07
P28482	4qp2.cif_P28482_trimmed_32_0_pred.cif	4.884	3.179	4.343	0	0	0	0	2.769	4.011	0	0	0	0	0	0	173-196	25-172	75.0	99.32432432432432	A	4qp2.cif_P28482_trimmed_32_0_pred.cif	4qp2.cif_P28482_trimmed_32_0_pred.cif	data/output/complexes/P28482_112.pdb	3.179	4.343	2.769	4.011
P28482	4qp2.cif_P28482_trimmed_256_4_pred.cif	3.959	3.726	4.083	0	0	0	0	2.731	4.371	0	0	0	0	0	0	173-196	25-172	75.0	99.32432432432432	A	4qp2.cif_P28482_trimmed_256_4_pred.cif	4qp2.cif_P28482_trimmed_256_4_pred.cif	data/output/complexes/P28482_113.pdb	3.726	4.083	2.731	4.371
P28482	4qp2.cif_P28482_trimmed_32_1_pred.cif	6.193	3.098	6.727	0	0	0	0	3.088	5.22	0	0	0	0	0	0	173-196	25-172	75.0	99.32432432432432	A	4qp2.cif_P28482_trimmed_32_1_pred.cif	4qp2.cif_P28482_trimmed_32_1_pred.cif	data/output/complexes/P28482_114.pdb	3.098	6.727	3.088	5.22
P28482	4qp2.cif_P28482_trimmed_32_4_pred.cif	5.232	3.292	4.594	0	0	0	0	2.912	3.996	0	0	0	0	0	0	173-196	25-172	75.0	99.32432432432432	A	4qp2.cif_P28482_trimmed_32_4_pred.cif	4qp2.cif_P28482_trimmed_32_4_pred.cif	data/output/complexes/P28482_115.pdb	3.292	4.594	2.912	3.996
P28482	4qp2.cif_P28482_trimmed_16_2_pred.cif	5.877	3.256	7.437	0	0	0	0	3.162	5.86	0	0	0	0	0	0	173-196	25-172	75.0	99.32432432432432	A	4qp2.cif_P28482_trimmed_16_2_pred.cif	4qp2.cif_P28482_trimmed_16_2_pred.cif	data/output/complexes/P28482_116.pdb	3.256	7.437	3.162	5.86
P28482	4qp2.cif_P28482_trimmed_32_2_pred.cif	3.345	3.039	6.485	0	0	0	0	3.019	5.505	0	0	0	0	0	0	173-196	25-172	75.0	99.32432432432432	A	4qp2.cif_P28482_trimmed_32_2_pred.cif	4qp2.cif_P28482_trimmed_32_2_pred.cif	data/output/complexes/P28482_117.pdb	3.039	6.485	3.019	5.505
P28482	4qp2.cif_P28482_trimmed_256_1_pred.cif	5.26	3.117	4.186	0	0	0	0	2.803	3.861	0	0	0	0	0	0	173-196	25-172	75.0	99.32432432432432	A	4qp2.cif_P28482_trimmed_256_1_pred.cif	4qp2.cif_P28482_trimmed_256_1_pred.cif	data/output/complexes/P28482_118.pdb	3.117	4.186	2.803	3.861
P28482	4qp2.cif_P28482_trimmed_128_1_pred.cif	4.652	3.711	3.761	0	0	0	0	2.669	4.196	0	0	0	0	0	0	173-196	25-172	75.0	99.32432432432432	A	4qp2.cif_P28482_trimmed_128_1_pred.cif	4qp2.cif_P28482_trimmed_128_1_pred.cif	data/output/complexes/P28482_119.pdb	3.711	3.761	2.669	4.196
P28482	4qp2.cif_P28482_trimmed_128_0_pred.cif	4.38	3.217	3.936	0	0	0	0	2.697	3.709	0	0	0	0	0	0	173-196	25-172	75.0	99.32432432432432	A	4qp2.cif_P28482_trimmed_128_0_pred.cif	4qp2.cif_P28482_trimmed_128_0_pred.cif	data/output/complexes/P28482_120.pdb	3.217	3.936	2.697	3.709
P28482	4qp2.cif_P28482_trimmed_16_1_pred.cif	6.122	3.075	6.527	0	0	0	0	3.078	5.421	0	0	0	0	0	0	173-196	25-172	75.0	99.32432432432432	A	4qp2.cif_P28482_trimmed_16_1_pred.cif	4qp2.cif_P28482_trimmed_16_1_pred.cif	data/output/complexes/P28482_121.pdb	3.075	6.527	3.078	5.421
P28482	4qp2.cif_P28482_trimmed_64_2_pred.cif	4.601	2.847	5.107	0	0	0	0	2.945	3.837	0	0	0	0	0	0	173-196	25-172	75.0	99.32432432432432	A	4qp2.cif_P28482_trimmed_64_2_pred.cif	4qp2.cif_P28482_trimmed_64_2_pred.cif	data/output/complexes/P28482_122.pdb	2.847	5.107	2.945	3.837
P28482	4qp2.cif_P28482_trimmed_256_0_pred.cif	3.608	3.712	4.404	0	0	0	0	2.902	4.354	0	0	0	0	0	0	173-196	25-172	75.0	99.32432432432432	A	4qp2.cif_P28482_trimmed_256_0_pred.cif	4qp2.cif_P28482_trimmed_256_0_pred.cif	data/output/complexes/P28482_123.pdb	3.712	4.404	2.902	4.354
P28482	4qp2.cif_P28482_trimmed_16_4_pred.cif	5.437	4.176	6.673	0	0	0	0	3.038	5.971	0	0	0	0	0	0	173-196	25-172	75.0	99.32432432432432	A	4qp2.cif_P28482_trimmed_16_4_pred.cif	4qp2.cif_P28482_trimmed_16_4_pred.cif	data/output/complexes/P28482_124.pdb	4.176	6.673	3.038	5.971
P62826	1rrp.cif_P62826_trimmed_256_3_pred.cif	11.181	6.225	31.897	0	0	0	0	2.652	28.144	0	0	0	0	0	0	179-216	10-169	86.8421052631579	100.0	A	1rrp.cif_P62826_trimmed_256_3_pred.cif	1rrp.cif_P62826_trimmed_256_3_pred.cif	data/output/complexes/P62826_125.pdb	6.225	31.897	2.652	28.144
P62826	1rrp.cif_P62826_trimmed_16_4_pred.cif	13.954	8.01	26.071	0	0	0	0	2.619	35.37	0	0	0	0	0	0	179-216	10-169	86.8421052631579	100.0	A	1rrp.cif_P62826_trimmed_16_4_pred.cif	1rrp.cif_P62826_trimmed_16_4_pred.cif	data/output/complexes/P62826_126.pdb	8.01	26.071	2.619	35.37
P62826	1rrp.cif_P62826_trimmed_256_2_pred.cif	13.591	5.85	23.269	0	0	0	0	2.597	34.595	0	0	0	0	0	0	179-216	10-169	86.8421052631579	100.0	A	1rrp.cif_P62826_trimmed_256_2_pred.cif	1rrp.cif_P62826_trimmed_256_2_pred.cif	data/output/complexes/P62826_127.pdb	5.85	23.269	2.597	34.595
P62826	1rrp.cif_P62826_trimmed_32_2_pred.cif	17.781	6.739	36.02	0	0	0	0	2.578	45.453	0	0	0	0	0	0	179-216	10-169	86.8421052631579	100.0	A	1rrp.cif_P62826_trimmed_32_2_pred.cif	1rrp.cif_P62826_trimmed_32_2_pred.cif	data/output/complexes/P62826_128.pdb	6.739	36.02	2.578	45.453
P62826	1rrp.cif_P62826_trimmed_32_0_pred.cif	17.099	8.567	39.583	0	0	0	0	2.449	43.672	0	0	0	0	0	0	179-216	10-169	86.8421052631579	100.0	A	1rrp.cif_P62826_trimmed_32_0_pred.cif	1rrp.cif_P62826_trimmed_32_0_pred.cif	data/output/complexes/P62826_129.pdb	8.567	39.583	2.449	43.672
P62826	1rrp.cif_P62826_trimmed_128_0_pred.cif	12.685	6.859	33.658	0	0	0	0	2.659	32.156	0	0	0	0	0	0	179-216	10-169	86.8421052631579	100.0	A	1rrp.cif_P62826_trimmed_128_0_pred.cif	1rrp.cif_P62826_trimmed_128_0_pred.cif	data/output/complexes/P62826_130.pdb	6.859	33.658	2.659	32.156
P62826	1rrp.cif_P62826_trimmed_128_3_pred.cif	14.025	5.501	31.192	0	0	0	0	2.414	35.761	0	0	0	0	0	0	179-216	10-169	86.8421052631579	100.0	A	1rrp.cif_P62826_trimmed_128_3_pred.cif	1rrp.cif_P62826_trimmed_128_3_pred.cif	data/output/complexes/P62826_131.pdb	5.501	31.192	2.414	35.761
P62826	1rrp.cif_P62826_trimmed_64_0_pred.cif	14.24	4.905	32.344	0	0	0	0	2.412	36.346	0	0	0	0	0	0	179-216	10-169	86.8421052631579	100.0	A	1rrp.cif_P62826_trimmed_64_0_pred.cif	1rrp.cif_P62826_trimmed_64_0_pred.cif	data/output/complexes/P62826_132.pdb	4.905	32.344	2.412	36.346
P62826	1rrp.cif_P62826_trimmed_16_2_pred.cif	17.239	8.133	34.796	0	0	0	0	2.469	44.042	0	0	0	0	0	0	179-216	10-169	86.8421052631579	100.0	A	1rrp.cif_P62826_trimmed_16_2_pred.cif	1rrp.cif_P62826_trimmed_16_2_pred.cif	data/output/complexes/P62826_133.pdb	8.133	34.796	2.469	44.042
P62826	1rrp.cif_P62826_trimmed_64_3_pred.cif	14.134	4.312	29.209	0	0	0	0	2.422	36.019	0	0	0	0	0	0	179-216	10-169	86.8421052631579	100.0	A	1rrp.cif_P62826_trimmed_64_3_pred.cif	1rrp.cif_P62826_trimmed_64_3_pred.cif	data/output/complexes/P62826_134.pdb	4.312	29.209	2.422	36.019
P62826	1rrp.cif_P62826_trimmed_256_4_pred.cif	13.244	5.429	31.851	0	0	0	0	2.597	33.538	0	0	0	0	0	0	179-216	10-169	86.8421052631579	100.0	A	1rrp.cif_P62826_trimmed_256_4_pred.cif	1rrp.cif_P62826_trimmed_256_4_pred.cif	data/output/complexes/P62826_135.pdb	5.429	31.851	2.597	33.538
P62826	1rrp.cif_P62826_trimmed_128_4_pred.cif	13.162	6.68	31.202	0	0	0	0	2.533	33.46	0	0	0	0	0	0	179-216	10-169	86.8421052631579	100.0	A	1rrp.cif_P62826_trimmed_128_4_pred.cif	1rrp.cif_P62826_trimmed_128_4_pred.cif	data/output/complexes/P62826_136.pdb	6.68	31.202	2.533	33.46
P62826	1rrp.cif_P62826_trimmed_16_1_pred.cif	16.038	9.04	44.116	0	0	0	0	2.882	40.678	0	0	0	0	0	0	179-216	10-169	86.8421052631579	100.0	A	1rrp.cif_P62826_trimmed_16_1_pred.cif	1rrp.cif_P62826_trimmed_16_1_pred.cif	data/output/complexes/P62826_137.pdb	9.04	44.116	2.882	40.678
P62826	1rrp.cif_P62826_trimmed_16_0_pred.cif	16.507	8.389	39.152	0	0	0	0	2.53	42.032	0	0	0	0	0	0	179-216	10-169	86.8421052631579	100.0	A	1rrp.cif_P62826_trimmed_16_0_pred.cif	1rrp.cif_P62826_trimmed_16_0_pred.cif	data/output/complexes/P62826_138.pdb	8.389	39.152	2.53	42.032
P62826	1rrp.cif_P62826_trimmed_64_4_pred.cif	13.585	6.159	31.9	0	0	0	0	2.564	34.501	0	0	0	0	0	0	179-216	10-169	86.8421052631579	100.0	A	1rrp.cif_P62826_trimmed_64_4_pred.cif	1rrp.cif_P62826_trimmed_64_4_pred.cif	data/output/complexes/P62826_139.pdb	6.159	31.9	2.564	34.501
P62826	1rrp.cif_P62826_trimmed_128_1_pred.cif	13.199	5.872	30.625	0	0	0	0	2.525	33.538	0	0	0	0	0	0	179-216	10-169	86.8421052631579	100.0	A	1rrp.cif_P62826_trimmed_128_1_pred.cif	1rrp.cif_P62826_trimmed_128_1_pred.cif	data/output/complexes/P62826_140.pdb	5.872	30.625	2.525	33.538
P62826	1rrp.cif_P62826_trimmed_64_2_pred.cif	14.104	5.788	30.759	0	0	0	0	2.879	35.884	0	0	0	0	0	0	179-216	10-169	86.8421052631579	100.0	A	1rrp.cif_P62826_trimmed_64_2_pred.cif	1rrp.cif_P62826_trimmed_64_2_pred.cif	data/output/complexes/P62826_141.pdb	5.788	30.759	2.879	35.884
P62826	1rrp.cif_P62826_trimmed_256_1_pred.cif	12.95	6.266	33.947	0	0	0	0	2.702	32.802	0	0	0	0	0	0	179-216	10-169	86.8421052631579	100.0	A	1rrp.cif_P62826_trimmed_256_1_pred.cif	1rrp.cif_P62826_trimmed_256_1_pred.cif	data/output/complexes/P62826_142.pdb	6.266	33.947	2.702	32.802
P62826	1rrp.cif_P62826_trimmed_64_1_pred.cif	13.214	4.661	30.381	0	0	0	0	2.693	33.539	0	0	0	0	0	0	179-216	10-169	86.8421052631579	100.0	A	1rrp.cif_P62826_trimmed_64_1_pred.cif	1rrp.cif_P62826_trimmed_64_1_pred.cif	data/output/complexes/P62826_143.pdb	4.661	30.381	2.693	33.539
P62826	1rrp.cif_P62826_trimmed_128_2_pred.cif	12.684	4.777	29.076	0	0	0	0	2.681	32.096	0	0	0	0	0	0	179-216	10-169	86.8421052631579	100.0	A	1rrp.cif_P62826_trimmed_128_2_pred.cif	1rrp.cif_P62826_trimmed_128_2_pred.cif	data/output/complexes/P62826_144.pdb	4.777	29.076	2.681	32.096
P62826	1rrp.cif_P62826_trimmed_256_0_pred.cif	16.302	6.646	30.642	0	0	0	0	2.663	41.652	0	0	0	0	0	0	179-216	10-169	86.8421052631579	100.0	A	1rrp.cif_P62826_trimmed_256_0_pred.cif	1rrp.cif_P62826_trimmed_256_0_pred.cif	data/output/complexes/P62826_145.pdb	6.646	30.642	2.663	41.652
P62826	1rrp.cif_P62826_trimmed_16_3_pred.cif	9.458	12.857	30.185	0	0	0	0	3.778	22.664	0	0	0	0	0	0	179-216	10-169	86.8421052631579	100.0	A	1rrp.cif_P62826_trimmed_16_3_pred.cif	1rrp.cif_P62826_trimmed_16_3_pred.cif	data/output/complexes/P62826_146.pdb	12.857	30.185	3.778	22.664
P62826	1rrp.cif_P62826_trimmed_32_3_pred.cif	12.341	5.775	30.397	0	0	0	0	2.547	31.275	0	0	0	0	0	0	179-216	10-169	86.8421052631579	100.0	A	1rrp.cif_P62826_trimmed_32_3_pred.cif	1rrp.cif_P62826_trimmed_32_3_pred.cif	data/output/complexes/P62826_147.pdb	5.775	30.397	2.547	31.275
P62826	1rrp.cif_P62826_trimmed_32_1_pred.cif	12.933	7.202	29.162	0	0	0	0	2.447	32.856	0	0	0	0	0	0	179-216	10-169	86.8421052631579	100.0	A	1rrp.cif_P62826_trimmed_32_1_pred.cif	1rrp.cif_P62826_trimmed_32_1_pred.cif	data/output/complexes/P62826_148.pdb	7.202	29.162	2.447	32.856
P62826	1rrp.cif_P62826_trimmed_32_4_pred.cif	13.123	4.485	31.175	0	0	0	0	2.588	33.304	0	0	0	0	0	0	179-216	10-169	86.8421052631579	100.0	A	1rrp.cif_P62826_trimmed_32_4_pred.cif	1rrp.cif_P62826_trimmed_32_4_pred.cif	data/output/complexes/P62826_149.pdb	4.485	31.175	2.588	33.304
P22681	4a49.cif_P22681_trimmed_128_1_pred.cif	6.164	4.999	9.8	0	0	0	0	5.793	12.044	0	0	0	0	0	0	353-380	381-435	71.42857142857143	100.0	A	4a49.cif_P22681_trimmed_128_1_pred.cif	4a49.cif_P22681_trimmed_128_1_pred.cif	data/output/complexes/P22681_150.pdb	4.999	9.8	5.793	12.044
P22681	4a49.cif_P22681_trimmed_32_0_pred.cif	6.883	2.762	19.3	0	0	0	0	4.389	11.496	0	0	0	0	0	0	353-380	381-435	71.42857142857143	100.0	A	4a49.cif_P22681_trimmed_32_0_pred.cif	4a49.cif_P22681_trimmed_32_0_pred.cif	data/output/complexes/P22681_151.pdb	2.762	19.3	4.389	11.496
P22681	4a49.cif_P22681_trimmed_128_0_pred.cif	6.697	3.896	11.868	0	0	0	0	4.85	11.543	0	0	0	0	0	0	353-380	381-435	71.42857142857143	100.0	A	4a49.cif_P22681_trimmed_128_0_pred.cif	4a49.cif_P22681_trimmed_128_0_pred.cif	data/output/complexes/P22681_152.pdb	3.896	11.868	4.85	11.543
P22681	4a49.cif_P22681_trimmed_32_3_pred.cif	9.212	3.828	17.133	0	0	0	0	3.958	16.371	0	0	0	0	0	0	353-380	381-435	71.42857142857143	100.0	A	4a49.cif_P22681_trimmed_32_3_pred.cif	4a49.cif_P22681_trimmed_32_3_pred.cif	data/output/complexes/P22681_153.pdb	3.828	17.133	3.958	16.371
P22681	4a49.cif_P22681_trimmed_16_3_pred.cif	4.684	4.49	12.069	0	0	0	0	3.373	7.622	0	0	0	0	0	0	353-380	381-435	71.42857142857143	100.0	A	4a49.cif_P22681_trimmed_16_3_pred.cif	4a49.cif_P22681_trimmed_16_3_pred.cif	data/output/complexes/P22681_154.pdb	4.49	12.069	3.373	7.622
P22681	4a49.cif_P22681_trimmed_256_0_pred.cif	4.156	3.963	4.887	0	0	0	0	3.617	7.302	0	0	0	0	0	0	353-380	381-435	71.42857142857143	100.0	A	4a49.cif_P22681_trimmed_256_0_pred.cif	4a49.cif_P22681_trimmed_256_0_pred.cif	data/output/complexes/P22681_155.pdb	3.963	4.887	3.617	7.302
P22681	4a49.cif_P22681_trimmed_128_3_pred.cif	9.708	5.688	18.251	0	0	0	0	6.485	15.602	0	0	0	0	0	0	353-380	381-435	71.42857142857143	100.0	A	4a49.cif_P22681_trimmed_128_3_pred.cif	4a49.cif_P22681_trimmed_128_3_pred.cif	data/output/complexes/P22681_156.pdb	5.688	18.251	6.485	15.602
P22681	4a49.cif_P22681_trimmed_16_4_pred.cif	8.728	4.51	19.178	0	0	0	0	8.901	16.26	0	0	0	0	0	0	353-380	381-435	71.42857142857143	100.0	A	4a49.cif_P22681_trimmed_16_4_pred.cif	4a49.cif_P22681_trimmed_16_4_pred.cif	data/output/complexes/P22681_157.pdb	4.51	19.178	8.901	16.26
P22681	4a49.cif_P22681_trimmed_16_0_pred.cif	8.007	3.731	15.104	0	0	0	0	4.103	13.835	0	0	0	0	0	0	353-380	381-435	71.42857142857143	100.0	A	4a49.cif_P22681_trimmed_16_0_pred.cif	4a49.cif_P22681_trimmed_16_0_pred.cif	data/output/complexes/P22681_158.pdb	3.731	15.104	4.103	13.835
P22681	4a49.cif_P22681_trimmed_64_3_pred.cif	4.995	4.563	7.91	0	0	0	0	5.217	13.05	0	0	0	0	0	0	353-380	381-435	71.42857142857143	100.0	A	4a49.cif_P22681_trimmed_64_3_pred.cif	4a49.cif_P22681_trimmed_64_3_pred.cif	data/output/complexes/P22681_159.pdb	4.563	7.91	5.217	13.05
P22681	4a49.cif_P22681_trimmed_256_3_pred.cif	4.69	4.173	9.865	0	0	0	0	3.717	9.544	0	0	0	0	0	0	353-380	381-435	71.42857142857143	100.0	A	4a49.cif_P22681_trimmed_256_3_pred.cif	4a49.cif_P22681_trimmed_256_3_pred.cif	data/output/complexes/P22681_160.pdb	4.173	9.865	3.717	9.544
P22681	4a49.cif_P22681_trimmed_32_1_pred.cif	6.421	4.768	13.834	0	0	0	0	4.238	11.409	0	0	0	0	0	0	353-380	381-435	71.42857142857143	100.0	A	4a49.cif_P22681_trimmed_32_1_pred.cif	4a49.cif_P22681_trimmed_32_1_pred.cif	data/output/complexes/P22681_161.pdb	4.768	13.834	4.238	11.409
P22681	4a49.cif_P22681_trimmed_128_4_pred.cif	5.258	3.446	11.539	0	0	0	0	4.499	9.715	0	0	0	0	0	0	353-380	381-435	71.42857142857143	100.0	A	4a49.cif_P22681_trimmed_128_4_pred.cif	4a49.cif_P22681_trimmed_128_4_pred.cif	data/output/complexes/P22681_162.pdb	3.446	11.539	4.499	9.715
P22681	4a49.cif_P22681_trimmed_256_4_pred.cif	4.45	4.046	8.555	0	0	0	0	3.357	8.275	0	0	0	0	0	0	353-380	381-435	71.42857142857143	100.0	A	4a49.cif_P22681_trimmed_256_4_pred.cif	4a49.cif_P22681_trimmed_256_4_pred.cif	data/output/complexes/P22681_163.pdb	4.046	8.555	3.357	8.275
P22681	4a49.cif_P22681_trimmed_256_1_pred.cif	4.329	4.44	7.439	0	0	0	0	3.375	7.751	0	0	0	0	0	0	353-380	381-435	71.42857142857143	100.0	A	4a49.cif_P22681_trimmed_256_1_pred.cif	4a49.cif_P22681_trimmed_256_1_pred.cif	data/output/complexes/P22681_164.pdb	4.44	7.439	3.375	7.751
P22681	4a49.cif_P22681_trimmed_16_2_pred.cif	7.713	3.412	14.977	0	0	0	0	3.857	13.434	0	0	0	0	0	0	353-380	381-435	71.42857142857143	100.0	A	4a49.cif_P22681_trimmed_16_2_pred.cif	4a49.cif_P22681_trimmed_16_2_pred.cif	data/output/complexes/P22681_165.pdb	3.412	14.977	3.857	13.434
P22681	4a49.cif_P22681_trimmed_64_0_pred.cif	6.029	4.346	10.595	0	0	0	0	5.045	10.094	0	0	0	0	0	0	353-380	381-435	71.42857142857143	100.0	A	4a49.cif_P22681_trimmed_64_0_pred.cif	4a49.cif_P22681_trimmed_64_0_pred.cif	data/output/complexes/P22681_166.pdb	4.346	10.595	5.045	10.094
P22681	4a49.cif_P22681_trimmed_64_1_pred.cif	6.83	4.913	11.355	0	0	0	0	5.707	11.263	0	0	0	0	0	0	353-380	381-435	71.42857142857143	100.0	A	4a49.cif_P22681_trimmed_64_1_pred.cif	4a49.cif_P22681_trimmed_64_1_pred.cif	data/output/complexes/P22681_167.pdb	4.913	11.355	5.707	11.263
P22681	4a49.cif_P22681_trimmed_256_2_pred.cif	3.777	3.667	5.452	0	0	0	0	3.806	6.611	0	0	0	0	0	0	353-380	381-435	71.42857142857143	100.0	A	4a49.cif_P22681_trimmed_256_2_pred.cif	4a49.cif_P22681_trimmed_256_2_pred.cif	data/output/complexes/P22681_168.pdb	3.667	5.452	3.806	6.611
P22681	4a49.cif_P22681_trimmed_32_4_pred.cif	10.09	4.165	17.711	0	0	0	0	8.175	16.268	0	0	0	0	0	0	353-380	381-435	71.42857142857143	100.0	A	4a49.cif_P22681_trimmed_32_4_pred.cif	4a49.cif_P22681_trimmed_32_4_pred.cif	data/output/complexes/P22681_169.pdb	4.165	17.711	8.175	16.268
P22681	4a49.cif_P22681_trimmed_64_4_pred.cif	6.213	4.06	11.119	0	0	0	0	5.129	11.306	0	0	0	0	0	0	353-380	381-435	71.42857142857143	100.0	A	4a49.cif_P22681_trimmed_64_4_pred.cif	4a49.cif_P22681_trimmed_64_4_pred.cif	data/output/complexes/P22681_170.pdb	4.06	11.119	5.129	11.306
P22681	4a49.cif_P22681_trimmed_16_1_pred.cif	11.74	5.274	20.133	0	0	0	0	10.123	19.132	0	0	0	0	0	0	353-380	381-435	71.42857142857143	100.0	A	4a49.cif_P22681_trimmed_16_1_pred.cif	4a49.cif_P22681_trimmed_16_1_pred.cif	data/output/complexes/P22681_171.pdb	5.274	20.133	10.123	19.132
P22681	4a49.cif_P22681_trimmed_64_2_pred.cif	5.292	3.966	7.717	0	0	0	0	5.567	11.49	0	0	0	0	0	0	353-380	381-435	71.42857142857143	100.0	A	4a49.cif_P22681_trimmed_64_2_pred.cif	4a49.cif_P22681_trimmed_64_2_pred.cif	data/output/complexes/P22681_172.pdb	3.966	7.717	5.567	11.49
P22681	4a49.cif_P22681_trimmed_128_2_pred.cif	4.546	4.434	6.162	0	0	0	0	4.302	10.966	0	0	0	0	0	0	353-380	381-435	71.42857142857143	100.0	A	4a49.cif_P22681_trimmed_128_2_pred.cif	4a49.cif_P22681_trimmed_128_2_pred.cif	data/output/complexes/P22681_173.pdb	4.434	6.162	4.302	10.966
P22681	4a49.cif_P22681_trimmed_32_2_pred.cif	7.07	3.65	13.999	0	0	0	0	3.675	12.447	0	0	0	0	0	0	353-380	381-435	71.42857142857143	100.0	A	4a49.cif_P22681_trimmed_32_2_pred.cif	4a49.cif_P22681_trimmed_32_2_pred.cif	data/output/complexes/P22681_174.pdb	3.65	13.999	3.675	12.447
P21333	2j3s.cif_P21333_trimmed_16_0_pred.cif	9.223	8.244	19.482	0	0	0	0	2.482	21.858	0	0	0	0	0	0	2142-2235	2236-2325	84.04255319148936	100.0	A	2j3s.cif_P21333_trimmed_16_0_pred.cif	2j3s.cif_P21333_trimmed_16_0_pred.cif	data/output/complexes/P21333_175.pdb	8.244	19.482	2.482	21.858
P21333	2j3s.cif_P21333_trimmed_128_4_pred.cif	16.291	8.507	46.665	0	0	0	0	2.449	39.125	0	0	0	0	0	0	2142-2235	2236-2325	84.04255319148936	100.0	A	2j3s.cif_P21333_trimmed_128_4_pred.cif	2j3s.cif_P21333_trimmed_128_4_pred.cif	data/output/complexes/P21333_176.pdb	8.507	46.665	2.449	39.125
P21333	2j3s.cif_P21333_trimmed_256_1_pred.cif	14.682	8.424	45.943	0	0	0	0	2.528	33.919	0	0	0	0	0	0	2142-2235	2236-2325	84.04255319148936	100.0	A	2j3s.cif_P21333_trimmed_256_1_pred.cif	2j3s.cif_P21333_trimmed_256_1_pred.cif	data/output/complexes/P21333_177.pdb	8.424	45.943	2.528	33.919
P21333	2j3s.cif_P21333_trimmed_16_2_pred.cif	9.942	8.591	21.539	0	0	0	0	2.542	23.525	0	0	0	0	0	0	2142-2235	2236-2325	84.04255319148936	100.0	A	2j3s.cif_P21333_trimmed_16_2_pred.cif	2j3s.cif_P21333_trimmed_16_2_pred.cif	data/output/complexes/P21333_178.pdb	8.591	21.539	2.542	23.525
P21333	2j3s.cif_P21333_trimmed_64_0_pred.cif	13.505	8.8	29.843	0	0	0	0	2.747	34.249	0	0	0	0	0	0	2142-2235	2236-2325	84.04255319148936	100.0	A	2j3s.cif_P21333_trimmed_64_0_pred.cif	2j3s.cif_P21333_trimmed_64_0_pred.cif	data/output/complexes/P21333_179.pdb	8.8	29.843	2.747	34.249
P21333	2j3s.cif_P21333_trimmed_128_3_pred.cif	14.219	8.092	44.634	0	0	0	0	2.463	32.696	0	0	0	0	0	0	2142-2235	2236-2325	84.04255319148936	100.0	A	2j3s.cif_P21333_trimmed_128_3_pred.cif	2j3s.cif_P21333_trimmed_128_3_pred.cif	data/output/complexes/P21333_180.pdb	8.092	44.634	2.463	32.696
P21333	2j3s.cif_P21333_trimmed_128_0_pred.cif	14.73	8.271	45.305	0	0	0	0	2.501	34.047	0	0	0	0	0	0	2142-2235	2236-2325	84.04255319148936	100.0	A	2j3s.cif_P21333_trimmed_128_0_pred.cif	2j3s.cif_P21333_trimmed_128_0_pred.cif	data/output/complexes/P21333_181.pdb	8.271	45.305	2.501	34.047
P21333	2j3s.cif_P21333_trimmed_256_2_pred.cif	10.498	9.209	15.702	0	0	0	0	2.443	29.184	0	0	0	0	0	0	2142-2235	2236-2325	84.04255319148936	100.0	A	2j3s.cif_P21333_trimmed_256_2_pred.cif	2j3s.cif_P21333_trimmed_256_2_pred.cif	data/output/complexes/P21333_182.pdb	9.209	15.702	2.443	29.184
P21333	2j3s.cif_P21333_trimmed_256_3_pred.cif	14.849	7.902	45.748	0	0	0	0	2.489	34.996	0	0	0	0	0	0	2142-2235	2236-2325	84.04255319148936	100.0	A	2j3s.cif_P21333_trimmed_256_3_pred.cif	2j3s.cif_P21333_trimmed_256_3_pred.cif	data/output/complexes/P21333_183.pdb	7.902	45.748	2.489	34.996
P21333	2j3s.cif_P21333_trimmed_256_4_pred.cif	14.596	8.646	44.97	0	0	0	0	2.484	32.387	0	0	0	0	0	0	2142-2235	2236-2325	84.04255319148936	100.0	A	2j3s.cif_P21333_trimmed_256_4_pred.cif	2j3s.cif_P21333_trimmed_256_4_pred.cif	data/output/complexes/P21333_184.pdb	8.646	44.97	2.484	32.387
P21333	2j3s.cif_P21333_trimmed_16_4_pred.cif	9.472	8.483	15.579	0	0	0	0	2.453	26.274	0	0	0	0	0	0	2142-2235	2236-2325	84.04255319148936	100.0	A	2j3s.cif_P21333_trimmed_16_4_pred.cif	2j3s.cif_P21333_trimmed_16_4_pred.cif	data/output/complexes/P21333_185.pdb	8.483	15.579	2.453	26.274
P21333	2j3s.cif_P21333_trimmed_16_3_pred.cif	12.389	8.585	16.816	0	0	0	0	2.474	34.707	0	0	0	0	0	0	2142-2235	2236-2325	84.04255319148936	100.0	A	2j3s.cif_P21333_trimmed_16_3_pred.cif	2j3s.cif_P21333_trimmed_16_3_pred.cif	data/output/complexes/P21333_186.pdb	8.585	16.816	2.474	34.707
P21333	2j3s.cif_P21333_trimmed_32_3_pred.cif	10.91	8.803	22.385	0	0	0	0	2.497	28.51	0	0	0	0	0	0	2142-2235	2236-2325	84.04255319148936	100.0	A	2j3s.cif_P21333_trimmed_32_3_pred.cif	2j3s.cif_P21333_trimmed_32_3_pred.cif	data/output/complexes/P21333_187.pdb	8.803	22.385	2.497	28.51
P21333	2j3s.cif_P21333_trimmed_128_2_pred.cif	13.008	8.528	25.619	0	0	0	0	2.48	37.057	0	0	0	0	0	0	2142-2235	2236-2325	84.04255319148936	100.0	A	2j3s.cif_P21333_trimmed_128_2_pred.cif	2j3s.cif_P21333_trimmed_128_2_pred.cif	data/output/complexes/P21333_188.pdb	8.528	25.619	2.48	37.057
P21333	2j3s.cif_P21333_trimmed_64_4_pred.cif	11.674	9.349	20.905	0	0	0	0	2.452	32.22	0	0	0	0	0	0	2142-2235	2236-2325	84.04255319148936	100.0	A	2j3s.cif_P21333_trimmed_64_4_pred.cif	2j3s.cif_P21333_trimmed_64_4_pred.cif	data/output/complexes/P21333_189.pdb	9.349	20.905	2.452	32.22
P21333	2j3s.cif_P21333_trimmed_256_0_pred.cif	13.107	8.637	19.096	0	0	0	0	2.533	27.597	0	0	0	0	0	0	2142-2235	2236-2325	84.04255319148936	100.0	A	2j3s.cif_P21333_trimmed_256_0_pred.cif	2j3s.cif_P21333_trimmed_256_0_pred.cif	data/output/complexes/P21333_190.pdb	8.637	19.096	2.533	27.597
P21333	2j3s.cif_P21333_trimmed_64_2_pred.cif	9.847	9.591	14.707	0	0	0	0	2.396	26.352	0	0	0	0	0	0	2142-2235	2236-2325	84.04255319148936	100.0	A	2j3s.cif_P21333_trimmed_64_2_pred.cif	2j3s.cif_P21333_trimmed_64_2_pred.cif	data/output/complexes/P21333_191.pdb	9.591	14.707	2.396	26.352
P21333	2j3s.cif_P21333_trimmed_128_1_pred.cif	15.423	8.633	43.718	0	0	0	0	2.518	39.228	0	0	0	0	0	0	2142-2235	2236-2325	84.04255319148936	100.0	A	2j3s.cif_P21333_trimmed_128_1_pred.cif	2j3s.cif_P21333_trimmed_128_1_pred.cif	data/output/complexes/P21333_192.pdb	8.633	43.718	2.518	39.228
P21333	2j3s.cif_P21333_trimmed_16_1_pred.cif	12.426	8.366	18.675	0	0	0	0	2.446	35.515	0	0	0	0	0	0	2142-2235	2236-2325	84.04255319148936	100.0	A	2j3s.cif_P21333_trimmed_16_1_pred.cif	2j3s.cif_P21333_trimmed_16_1_pred.cif	data/output/complexes/P21333_193.pdb	8.366	18.675	2.446	35.515
P21333	2j3s.cif_P21333_trimmed_32_2_pred.cif	9.173	8.453	16.852	0	0	0	0	2.546	23.684	0	0	0	0	0	0	2142-2235	2236-2325	84.04255319148936	100.0	A	2j3s.cif_P21333_trimmed_32_2_pred.cif	2j3s.cif_P21333_trimmed_32_2_pred.cif	data/output/complexes/P21333_194.pdb	8.453	16.852	2.546	23.684
P21333	2j3s.cif_P21333_trimmed_64_3_pred.cif	14.559	8.081	43.415	0	0	0	0	2.502	36.79	0	0	0	0	0	0	2142-2235	2236-2325	84.04255319148936	100.0	A	2j3s.cif_P21333_trimmed_64_3_pred.cif	2j3s.cif_P21333_trimmed_64_3_pred.cif	data/output/complexes/P21333_195.pdb	8.081	43.415	2.502	36.79
P21333	2j3s.cif_P21333_trimmed_32_1_pred.cif	11.628	9.024	23.061	0	0	0	0	2.499	29.682	0	0	0	0	0	0	2142-2235	2236-2325	84.04255319148936	100.0	A	2j3s.cif_P21333_trimmed_32_1_pred.cif	2j3s.cif_P21333_trimmed_32_1_pred.cif	data/output/complexes/P21333_196.pdb	9.024	23.061	2.499	29.682
P21333	2j3s.cif_P21333_trimmed_32_4_pred.cif	14.136	8.338	24.06	0	0	0	0	2.523	38.375	0	0	0	0	0	0	2142-2235	2236-2325	84.04255319148936	100.0	A	2j3s.cif_P21333_trimmed_32_4_pred.cif	2j3s.cif_P21333_trimmed_32_4_pred.cif	data/output/complexes/P21333_197.pdb	8.338	24.06	2.523	38.375
P21333	2j3s.cif_P21333_trimmed_64_1_pred.cif	14.897	8.598	38.004	0	0	0	0	2.522	39.356	0	0	0	0	0	0	2142-2235	2236-2325	84.04255319148936	100.0	A	2j3s.cif_P21333_trimmed_64_1_pred.cif	2j3s.cif_P21333_trimmed_64_1_pred.cif	data/output/complexes/P21333_198.pdb	8.598	38.004	2.522	39.356
P21333	2j3s.cif_P21333_trimmed_32_0_pred.cif	10.453	8.947	19.454	0	0	0	0	2.507	28.319	0	0	0	0	0	0	2142-2235	2236-2325	84.04255319148936	100.0	A	2j3s.cif_P21333_trimmed_32_0_pred.cif	2j3s.cif_P21333_trimmed_32_0_pred.cif	data/output/complexes/P21333_199.pdb	8.947	19.454	2.507	28.319
Q9Y6K1	4u7t.cif_Q9Y6K1_trimmed_128_1_pred.cif	19.46	8.419	31.536	0	0	0	0	2.567	53.557	0	0	0	0	0	0	476-626	634-912	93.3774834437086	95.6989247311828	A	4u7t.cif_Q9Y6K1_trimmed_128_1_pred.cif	4u7t.cif_Q9Y6K1_trimmed_128_1_pred.cif	data/output/complexes/Q9Y6K1_200.pdb	8.419	31.536	2.567	53.557
Q9Y6K1	4u7t.cif_Q9Y6K1_trimmed_64_4_pred.cif	21.952	8.567	38.341	0	0	0	0	2.682	66.135	0	0	0	0	0	0	476-626	634-912	93.3774834437086	95.6989247311828	A	4u7t.cif_Q9Y6K1_trimmed_64_4_pred.cif	4u7t.cif_Q9Y6K1_trimmed_64_4_pred.cif	data/output/complexes/Q9Y6K1_201.pdb	8.567	38.341	2.682	66.135
Q9Y6K1	4u7t.cif_Q9Y6K1_trimmed_256_3_pred.cif	14.872	7.054	22.755	0	0	0	0	2.718	51.157	0	0	0	0	0	0	476-626	634-912	93.3774834437086	95.6989247311828	A	4u7t.cif_Q9Y6K1_trimmed_256_3_pred.cif	4u7t.cif_Q9Y6K1_trimmed_256_3_pred.cif	data/output/complexes/Q9Y6K1_202.pdb	7.054	22.755	2.718	51.157
Q9Y6K1	4u7t.cif_Q9Y6K1_trimmed_128_0_pred.cif	15.462	6.222	22.456	0	0	0	0	2.651	54.327	0	0	0	0	0	0	476-626	634-912	93.3774834437086	95.6989247311828	A	4u7t.cif_Q9Y6K1_trimmed_128_0_pred.cif	4u7t.cif_Q9Y6K1_trimmed_128_0_pred.cif	data/output/complexes/Q9Y6K1_203.pdb	6.222	22.456	2.651	54.327
Q9Y6K1	4u7t.cif_Q9Y6K1_trimmed_32_2_pred.cif	15.57	13.473	24.56	0	0	0	0	3.026	48.958	0	0	0	0	0	0	476-626	634-912	93.3774834437086	95.6989247311828	A	4u7t.cif_Q9Y6K1_trimmed_32_2_pred.cif	4u7t.cif_Q9Y6K1_trimmed_32_2_pred.cif	data/output/complexes/Q9Y6K1_204.pdb	13.473	24.56	3.026	48.958
Q9Y6K1	4u7t.cif_Q9Y6K1_trimmed_64_2_pred.cif	17.709	8.163	28.343	0	0	0	0	2.825	53.554	0	0	0	0	0	0	476-626	634-912	93.3774834437086	95.6989247311828	A	4u7t.cif_Q9Y6K1_trimmed_64_2_pred.cif	4u7t.cif_Q9Y6K1_trimmed_64_2_pred.cif	data/output/complexes/Q9Y6K1_205.pdb	8.163	28.343	2.825	53.554
Q9Y6K1	4u7t.cif_Q9Y6K1_trimmed_32_3_pred.cif	14.965	6.789	25.145	0	0	0	0	2.702	48.466	0	0	0	0	0	0	476-626	634-912	93.3774834437086	95.6989247311828	A	4u7t.cif_Q9Y6K1_trimmed_32_3_pred.cif	4u7t.cif_Q9Y6K1_trimmed_32_3_pred.cif	data/output/complexes/Q9Y6K1_206.pdb	6.789	25.145	2.702	48.466
Q9Y6K1	4u7t.cif_Q9Y6K1_trimmed_32_4_pred.cif	17.351	8.645	27.706	0	0	0	0	2.913	59.795	0	0	0	0	0	0	476-626	634-912	93.3774834437086	95.6989247311828	A	4u7t.cif_Q9Y6K1_trimmed_32_4_pred.cif	4u7t.cif_Q9Y6K1_trimmed_32_4_pred.cif	data/output/complexes/Q9Y6K1_207.pdb	8.645	27.706	2.913	59.795
Q9Y6K1	4u7t.cif_Q9Y6K1_trimmed_16_4_pred.cif	15.05	8.348	21.315	0	0	0	0	2.98	51.663	0	0	0	0	0	0	476-626	634-912	93.3774834437086	95.6989247311828	A	4u7t.cif_Q9Y6K1_trimmed_16_4_pred.cif	4u7t.cif_Q9Y6K1_trimmed_16_4_pred.cif	data/output/complexes/Q9Y6K1_208.pdb	8.348	21.315	2.98	51.663
Q9Y6K1	4u7t.cif_Q9Y6K1_trimmed_16_3_pred.cif	16.819	8.239	29.21	0	0	0	0	3.029	53.636	0	0	0	0	0	0	476-626	634-912	93.3774834437086	95.6989247311828	A	4u7t.cif_Q9Y6K1_trimmed_16_3_pred.cif	4u7t.cif_Q9Y6K1_trimmed_16_3_pred.cif	data/output/complexes/Q9Y6K1_209.pdb	8.239	29.21	3.029	53.636
Q9Y6K1	4u7t.cif_Q9Y6K1_trimmed_256_1_pred.cif	16.523	6.918	25.155	0	0	0	0	2.5	52.351	0	0	0	0	0	0	476-626	634-912	93.3774834437086	95.6989247311828	A	4u7t.cif_Q9Y6K1_trimmed_256_1_pred.cif	4u7t.cif_Q9Y6K1_trimmed_256_1_pred.cif	data/output/complexes/Q9Y6K1_210.pdb	6.918	25.155	2.5	52.351
Q9Y6K1	4u7t.cif_Q9Y6K1_trimmed_16_2_pred.cif	14.539	9.254	19.599	0	0	0	0	2.93	47.564	0	0	0	0	0	0	476-626	634-912	93.3774834437086	95.6989247311828	A	4u7t.cif_Q9Y6K1_trimmed_16_2_pred.cif	4u7t.cif_Q9Y6K1_trimmed_16_2_pred.cif	data/output/complexes/Q9Y6K1_211.pdb	9.254	19.599	2.93	47.564
Q9Y6K1	4u7t.cif_Q9Y6K1_trimmed_32_1_pred.cif	20.579	7.637	34.529	0	0	0	0	2.709	60.19	0	0	0	0	0	0	476-626	634-912	93.3774834437086	95.6989247311828	A	4u7t.cif_Q9Y6K1_trimmed_32_1_pred.cif	4u7t.cif_Q9Y6K1_trimmed_32_1_pred.cif	data/output/complexes/Q9Y6K1_212.pdb	7.637	34.529	2.709	60.19
Q9Y6K1	4u7t.cif_Q9Y6K1_trimmed_16_1_pred.cif	7.445	4.531	17.489	0	0	0	0	2.814	24.434	0	0	0	0	0	0	476-626	634-912	93.3774834437086	95.6989247311828	A	4u7t.cif_Q9Y6K1_trimmed_16_1_pred.cif	4u7t.cif_Q9Y6K1_trimmed_16_1_pred.cif	data/output/complexes/Q9Y6K1_213.pdb	4.531	17.489	2.814	24.434
Q9Y6K1	4u7t.cif_Q9Y6K1_trimmed_64_3_pred.cif	16.128	7.956	28.025	0	0	0	0	2.627	53.28	0	0	0	0	0	0	476-626	634-912	93.3774834437086	95.6989247311828	A	4u7t.cif_Q9Y6K1_trimmed_64_3_pred.cif	4u7t.cif_Q9Y6K1_trimmed_64_3_pred.cif	data/output/complexes/Q9Y6K1_214.pdb	7.956	28.025	2.627	53.28
Q9Y6K1	4u7t.cif_Q9Y6K1_trimmed_128_3_pred.cif	15.068	6.717	23.022	0	0	0	0	2.569	52.474	0	0	0	0	0	0	476-626	634-912	93.3774834437086	95.6989247311828	A	4u7t.cif_Q9Y6K1_trimmed_128_3_pred.cif	4u7t.cif_Q9Y6K1_trimmed_128_3_pred.cif	data/output/complexes/Q9Y6K1_215.pdb	6.717	23.022	2.569	52.474
Q9Y6K1	4u7t.cif_Q9Y6K1_trimmed_128_2_pred.cif	7.502	8.274	21.505	0	0	0	0	2.544	17.373	0	0	0	0	0	0	476-626	634-912	93.3774834437086	95.6989247311828	A	4u7t.cif_Q9Y6K1_trimmed_128_2_pred.cif	4u7t.cif_Q9Y6K1_trimmed_128_2_pred.cif	data/output/complexes/Q9Y6K1_216.pdb	8.274	21.505	2.544	17.373
Q9Y6K1	4u7t.cif_Q9Y6K1_trimmed_256_0_pred.cif	18.938	7.67	32.403	0	0	0	0	2.588	54.719	0	0	0	0	0	0	476-626	634-912	93.3774834437086	95.6989247311828	A	4u7t.cif_Q9Y6K1_trimmed_256_0_pred.cif	4u7t.cif_Q9Y6K1_trimmed_256_0_pred.cif	data/output/complexes/Q9Y6K1_217.pdb	7.67	32.403	2.588	54.719
Q9Y6K1	4u7t.cif_Q9Y6K1_trimmed_16_0_pred.cif	15.949	9.114	25.338	0	0	0	0	3.14	52.587	0	0	0	0	0	0	476-626	634-912	93.3774834437086	95.6989247311828	A	4u7t.cif_Q9Y6K1_trimmed_16_0_pred.cif	4u7t.cif_Q9Y6K1_trimmed_16_0_pred.cif	data/output/complexes/Q9Y6K1_218.pdb	9.114	25.338	3.14	52.587
Q9Y6K1	4u7t.cif_Q9Y6K1_trimmed_256_2_pred.cif	18.697	7.787	29.753	0	0	0	0	2.617	54.605	0	0	0	0	0	0	476-626	634-912	93.3774834437086	95.6989247311828	A	4u7t.cif_Q9Y6K1_trimmed_256_2_pred.cif	4u7t.cif_Q9Y6K1_trimmed_256_2_pred.cif	data/output/complexes/Q9Y6K1_219.pdb	7.787	29.753	2.617	54.605
Q9Y6K1	4u7t.cif_Q9Y6K1_trimmed_64_0_pred.cif	14.97	7.128	21.738	0	0	0	0	2.61	52.184	0	0	0	0	0	0	476-626	634-912	93.3774834437086	95.6989247311828	A	4u7t.cif_Q9Y6K1_trimmed_64_0_pred.cif	4u7t.cif_Q9Y6K1_trimmed_64_0_pred.cif	data/output/complexes/Q9Y6K1_220.pdb	7.128	21.738	2.61	52.184
Q9Y6K1	4u7t.cif_Q9Y6K1_trimmed_64_1_pred.cif	14.658	8.413	22.922	0	0	0	0	2.686	49.555	0	0	0	0	0	0	476-626	634-912	93.3774834437086	95.6989247311828	A	4u7t.cif_Q9Y6K1_trimmed_64_1_pred.cif	4u7t.cif_Q9Y6K1_trimmed_64_1_pred.cif	data/output/complexes/Q9Y6K1_221.pdb	8.413	22.922	2.686	49.555
Q9Y6K1	4u7t.cif_Q9Y6K1_trimmed_32_0_pred.cif	18.275	7.641	29.195	0	0	0	0	2.731	57.205	0	0	0	0	0	0	476-626	634-912	93.3774834437086	95.6989247311828	A	4u7t.cif_Q9Y6K1_trimmed_32_0_pred.cif	4u7t.cif_Q9Y6K1_trimmed_32_0_pred.cif	data/output/complexes/Q9Y6K1_222.pdb	7.641	29.195	2.731	57.205
Q9Y6K1	4u7t.cif_Q9Y6K1_trimmed_128_4_pred.cif	18.615	8.225	30.089	0	0	0	0	2.594	55.023	0	0	0	0	0	0	476-626	634-912	93.3774834437086	95.6989247311828	A	4u7t.cif_Q9Y6K1_trimmed_128_4_pred.cif	4u7t.cif_Q9Y6K1_trimmed_128_4_pred.cif	data/output/complexes/Q9Y6K1_223.pdb	8.225	30.089	2.594	55.023
Q9Y6K1	4u7t.cif_Q9Y6K1_trimmed_256_4_pred.cif	18.515	7.417	30.14	0	0	0	0	2.574	54.139	0	0	0	0	0	0	476-626	634-912	93.3774834437086	95.6989247311828	A	4u7t.cif_Q9Y6K1_trimmed_256_4_pred.cif	4u7t.cif_Q9Y6K1_trimmed_256_4_pred.cif	data/output/complexes/Q9Y6K1_224.pdb	7.417	30.14	2.574	54.139
P29350	3ps5.cif_P29350_trimmed_256_2_pred.cif	24.663	3.291	54.284	0	0	0	0	2.674	61.752	0	0	0	0	0	0	1-105	244-515	100.0	99.63235294117648	A	3ps5.cif_P29350_trimmed_256_2_pred.cif	3ps5.cif_P29350_trimmed_256_2_pred.cif	data/output/complexes/P29350_225.pdb	3.291	54.284	2.674	61.752
P29350	3ps5.cif_P29350_trimmed_32_0_pred.cif	29.69	3.722	62.78	0	0	0	0	2.496	66.883	0	0	0	0	0	0	1-105	244-515	100.0	99.63235294117648	A	3ps5.cif_P29350_trimmed_32_0_pred.cif	3ps5.cif_P29350_trimmed_32_0_pred.cif	data/output/complexes/P29350_226.pdb	3.722	62.78	2.496	66.883
P29350	3ps5.cif_P29350_trimmed_128_0_pred.cif	24.511	3.436	59.703	0	0	0	0	2.463	60.609	0	0	0	0	0	0	1-105	244-515	100.0	99.63235294117648	A	3ps5.cif_P29350_trimmed_128_0_pred.cif	3ps5.cif_P29350_trimmed_128_0_pred.cif	data/output/complexes/P29350_227.pdb	3.436	59.703	2.463	60.609
P29350	3ps5.cif_P29350_trimmed_64_2_pred.cif	26.198	4.803	61.35	0	0	0	0	2.677	64.469	0	0	0	0	0	0	1-105	244-515	100.0	99.63235294117648	A	3ps5.cif_P29350_trimmed_64_2_pred.cif	3ps5.cif_P29350_trimmed_64_2_pred.cif	data/output/complexes/P29350_228.pdb	4.803	61.35	2.677	64.469
P29350	3ps5.cif_P29350_trimmed_16_0_pred.cif	25.277	4.979	32.562	0	0	0	0	2.436	66.094	0	0	0	0	0	0	1-105	244-515	100.0	99.63235294117648	A	3ps5.cif_P29350_trimmed_16_0_pred.cif	3ps5.cif_P29350_trimmed_16_0_pred.cif	data/output/complexes/P29350_229.pdb	4.979	32.562	2.436	66.094
P29350	3ps5.cif_P29350_trimmed_64_1_pred.cif	25.155	3.645	57.289	0	0	0	0	2.628	64.005	0	0	0	0	0	0	1-105	244-515	100.0	99.63235294117648	A	3ps5.cif_P29350_trimmed_64_1_pred.cif	3ps5.cif_P29350_trimmed_64_1_pred.cif	data/output/complexes/P29350_230.pdb	3.645	57.289	2.628	64.005
P29350	3ps5.cif_P29350_trimmed_64_0_pred.cif	24.049	3.558	55.276	0	0	0	0	2.41	62.645	0	0	0	0	0	0	1-105	244-515	100.0	99.63235294117648	A	3ps5.cif_P29350_trimmed_64_0_pred.cif	3ps5.cif_P29350_trimmed_64_0_pred.cif	data/output/complexes/P29350_231.pdb	3.558	55.276	2.41	62.645
P29350	3ps5.cif_P29350_trimmed_256_3_pred.cif	24.426	3.295	57.289	0	0	0	0	2.556	61.14	0	0	0	0	0	0	1-105	244-515	100.0	99.63235294117648	A	3ps5.cif_P29350_trimmed_256_3_pred.cif	3ps5.cif_P29350_trimmed_256_3_pred.cif	data/output/complexes/P29350_232.pdb	3.295	57.289	2.556	61.14
P29350	3ps5.cif_P29350_trimmed_32_3_pred.cif	24.736	3.184	57.14	0	0	0	0	2.685	64.022	0	0	0	0	0	0	1-105	244-515	100.0	99.63235294117648	A	3ps5.cif_P29350_trimmed_32_3_pred.cif	3ps5.cif_P29350_trimmed_32_3_pred.cif	data/output/complexes/P29350_233.pdb	3.184	57.14	2.685	64.022
P29350	3ps5.cif_P29350_trimmed_32_4_pred.cif	24.649	3.435	56.067	0	0	0	0	2.835	63.283	0	0	0	0	0	0	1-105	244-515	100.0	99.63235294117648	A	3ps5.cif_P29350_trimmed_32_4_pred.cif	3ps5.cif_P29350_trimmed_32_4_pred.cif	data/output/complexes/P29350_234.pdb	3.435	56.067	2.835	63.283
P29350	3ps5.cif_P29350_trimmed_16_2_pred.cif	23.352	7.612	38.346	0	0	0	0	2.417	65.636	0	0	0	0	0	0	1-105	244-515	100.0	99.63235294117648	A	3ps5.cif_P29350_trimmed_16_2_pred.cif	3ps5.cif_P29350_trimmed_16_2_pred.cif	data/output/complexes/P29350_235.pdb	7.612	38.346	2.417	65.636
P29350	3ps5.cif_P29350_trimmed_128_2_pred.cif	25.139	3.251	56.109	0	0	0	0	2.749	60.355	0	0	0	0	0	0	1-105	244-515	100.0	99.63235294117648	A	3ps5.cif_P29350_trimmed_128_2_pred.cif	3ps5.cif_P29350_trimmed_128_2_pred.cif	data/output/complexes/P29350_236.pdb	3.251	56.109	2.749	60.355
P29350	3ps5.cif_P29350_trimmed_32_2_pred.cif	26.049	3.605	63.343	0	0	0	0	2.448	68.744	0	0	0	0	0	0	1-105	244-515	100.0	99.63235294117648	A	3ps5.cif_P29350_trimmed_32_2_pred.cif	3ps5.cif_P29350_trimmed_32_2_pred.cif	data/output/complexes/P29350_237.pdb	3.605	63.343	2.448	68.744
P29350	3ps5.cif_P29350_trimmed_128_4_pred.cif	26.013	3.221	56.206	0	0	0	0	2.523	69.055	0	0	0	0	0	0	1-105	244-515	100.0	99.63235294117648	A	3ps5.cif_P29350_trimmed_128_4_pred.cif	3ps5.cif_P29350_trimmed_128_4_pred.cif	data/output/complexes/P29350_238.pdb	3.221	56.206	2.523	69.055
P29350	3ps5.cif_P29350_trimmed_256_4_pred.cif	24.979	3.329	57.486	0	0	0	0	2.783	61.816	0	0	0	0	0	0	1-105	244-515	100.0	99.63235294117648	A	3ps5.cif_P29350_trimmed_256_4_pred.cif	3ps5.cif_P29350_trimmed_256_4_pred.cif	data/output/complexes/P29350_239.pdb	3.329	57.486	2.783	61.816
P29350	3ps5.cif_P29350_trimmed_32_1_pred.cif	25.85	3.254	60.402	0	0	0	0	2.471	65.335	0	0	0	0	0	0	1-105	244-515	100.0	99.63235294117648	A	3ps5.cif_P29350_trimmed_32_1_pred.cif	3ps5.cif_P29350_trimmed_32_1_pred.cif	data/output/complexes/P29350_240.pdb	3.254	60.402	2.471	65.335
P29350	3ps5.cif_P29350_trimmed_128_1_pred.cif	25.517	3.804	57.979	0	0	0	0	2.447	61.023	0	0	0	0	0	0	1-105	244-515	100.0	99.63235294117648	A	3ps5.cif_P29350_trimmed_128_1_pred.cif	3ps5.cif_P29350_trimmed_128_1_pred.cif	data/output/complexes/P29350_241.pdb	3.804	57.979	2.447	61.023
P29350	3ps5.cif_P29350_trimmed_256_1_pred.cif	25.828	3.426	59.114	0	0	0	0	2.616	62.949	0	0	0	0	0	0	1-105	244-515	100.0	99.63235294117648	A	3ps5.cif_P29350_trimmed_256_1_pred.cif	3ps5.cif_P29350_trimmed_256_1_pred.cif	data/output/complexes/P29350_242.pdb	3.426	59.114	2.616	62.949
P29350	3ps5.cif_P29350_trimmed_128_3_pred.cif	25.081	3.312	59.058	0	0	0	0	2.242	61.975	0	0	0	0	0	0	1-105	244-515	100.0	99.63235294117648	A	3ps5.cif_P29350_trimmed_128_3_pred.cif	3ps5.cif_P29350_trimmed_128_3_pred.cif	data/output/complexes/P29350_243.pdb	3.312	59.058	2.242	61.975
P29350	3ps5.cif_P29350_trimmed_64_3_pred.cif	25.623	3.803	58.045	0	0	0	0	2.691	62.378	0	0	0	0	0	0	1-105	244-515	100.0	99.63235294117648	A	3ps5.cif_P29350_trimmed_64_3_pred.cif	3ps5.cif_P29350_trimmed_64_3_pred.cif	data/output/complexes/P29350_244.pdb	3.803	58.045	2.691	62.378
P29350	3ps5.cif_P29350_trimmed_16_1_pred.cif	26.303	3.566	60.757	0	0	0	0	2.427	68.262	0	0	0	0	0	0	1-105	244-515	100.0	99.63235294117648	A	3ps5.cif_P29350_trimmed_16_1_pred.cif	3ps5.cif_P29350_trimmed_16_1_pred.cif	data/output/complexes/P29350_245.pdb	3.566	60.757	2.427	68.262
P29350	3ps5.cif_P29350_trimmed_16_3_pred.cif	24.899	3.67	59.733	0	0	0	0	2.448	66.693	0	0	0	0	0	0	1-105	244-515	100.0	99.63235294117648	A	3ps5.cif_P29350_trimmed_16_3_pred.cif	3ps5.cif_P29350_trimmed_16_3_pred.cif	data/output/complexes/P29350_246.pdb	3.67	59.733	2.448	66.693
P29350	3ps5.cif_P29350_trimmed_16_4_pred.cif	21.623	3.497	40.221	0	0	0	0	2.904	48.846	0	0	0	0	0	0	1-105	244-515	100.0	99.63235294117648	A	3ps5.cif_P29350_trimmed_16_4_pred.cif	3ps5.cif_P29350_trimmed_16_4_pred.cif	data/output/complexes/P29350_247.pdb	3.497	40.221	2.904	48.846
P29350	3ps5.cif_P29350_trimmed_64_4_pred.cif	25.026	3.496	53.101	0	0	0	0	2.327	69.255	0	0	0	0	0	0	1-105	244-515	100.0	99.63235294117648	A	3ps5.cif_P29350_trimmed_64_4_pred.cif	3ps5.cif_P29350_trimmed_64_4_pred.cif	data/output/complexes/P29350_248.pdb	3.496	53.101	2.327	69.255
P29350	3ps5.cif_P29350_trimmed_256_0_pred.cif	17.722	3.314	45.081	0	0	0	0	2.628	44.125	0	0	0	0	0	0	1-105	244-515	100.0	99.63235294117648	A	3ps5.cif_P29350_trimmed_256_0_pred.cif	3ps5.cif_P29350_trimmed_256_0_pred.cif	data/output/complexes/P29350_249.pdb	3.314	45.081	2.628	44.125
P35520	4pcu.cif_P35520_trimmed_32_2_pred.cif	8.521	2.43	23.778	0	0	0	0	5.259	16.641	0	0	0	0	0	0	414-551	40-413	86.23188405797102	97.86096256684492	A	4pcu.cif_P35520_trimmed_32_2_pred.cif	4pcu.cif_P35520_trimmed_32_2_pred.cif	data/output/complexes/P35520_250.pdb	2.43	23.778	5.259	16.641
P35520	4pcu.cif_P35520_trimmed_256_2_pred.cif	10.501	2.141	18.023	0	0	0	0	4.942	20.253	0	0	0	0	0	0	414-551	40-413	86.23188405797102	97.86096256684492	A	4pcu.cif_P35520_trimmed_256_2_pred.cif	4pcu.cif_P35520_trimmed_256_2_pred.cif	data/output/complexes/P35520_251.pdb	2.141	18.023	4.942	20.253
P35520	4pcu.cif_P35520_trimmed_256_0_pred.cif	9.005	3.705	25.535	0	0	0	0	5.591	20.476	0	0	0	0	0	0	414-551	40-413	86.23188405797102	97.86096256684492	A	4pcu.cif_P35520_trimmed_256_0_pred.cif	4pcu.cif_P35520_trimmed_256_0_pred.cif	data/output/complexes/P35520_252.pdb	3.705	25.535	5.591	20.476
P35520	4pcu.cif_P35520_trimmed_128_1_pred.cif	5.535	1.998	10.634	0	0	0	0	4.765	9.088	0	0	0	0	0	0	414-551	40-413	86.23188405797102	97.86096256684492	A	4pcu.cif_P35520_trimmed_128_1_pred.cif	4pcu.cif_P35520_trimmed_128_1_pred.cif	data/output/complexes/P35520_253.pdb	1.998	10.634	4.765	9.088
P35520	4pcu.cif_P35520_trimmed_16_1_pred.cif	17.046	3.086	52.433	0	0	0	0	7.221	38.088	0	0	0	0	0	0	414-551	40-413	86.23188405797102	97.86096256684492	A	4pcu.cif_P35520_trimmed_16_1_pred.cif	4pcu.cif_P35520_trimmed_16_1_pred.cif	data/output/complexes/P35520_254.pdb	3.086	52.433	7.221	38.088
P35520	4pcu.cif_P35520_trimmed_16_2_pred.cif	20.899	3.207	55.848	0	0	0	0	6.791	44.874	0	0	0	0	0	0	414-551	40-413	86.23188405797102	97.86096256684492	A	4pcu.cif_P35520_trimmed_16_2_pred.cif	4pcu.cif_P35520_trimmed_16_2_pred.cif	data/output/complexes/P35520_255.pdb	3.207	55.848	6.791	44.874
P35520	4pcu.cif_P35520_trimmed_64_1_pred.cif	19.572	4.787	57.079	0	0	0	0	5.722	39.014	0	0	0	0	0	0	414-551	40-413	86.23188405797102	97.86096256684492	A	4pcu.cif_P35520_trimmed_64_1_pred.cif	4pcu.cif_P35520_trimmed_64_1_pred.cif	data/output/complexes/P35520_256.pdb	4.787	57.079	5.722	39.014
P35520	4pcu.cif_P35520_trimmed_128_3_pred.cif	9.428	2.684	24.122	0	0	0	0	5.058	20.721	0	0	0	0	0	0	414-551	40-413	86.23188405797102	97.86096256684492	A	4pcu.cif_P35520_trimmed_128_3_pred.cif	4pcu.cif_P35520_trimmed_128_3_pred.cif	data/output/complexes/P35520_257.pdb	2.684	24.122	5.058	20.721
P35520	4pcu.cif_P35520_trimmed_64_4_pred.cif	7.122	2.103	27.502	0	0	0	0	5.161	15.296	0	0	0	0	0	0	414-551	40-413	86.23188405797102	97.86096256684492	A	4pcu.cif_P35520_trimmed_64_4_pred.cif	4pcu.cif_P35520_trimmed_64_4_pred.cif	data/output/complexes/P35520_258.pdb	2.103	27.502	5.161	15.296
P35520	4pcu.cif_P35520_trimmed_128_2_pred.cif	8.185	2.192	14.622	0	0	0	0	4.849	17.302	0	0	0	0	0	0	414-551	40-413	86.23188405797102	97.86096256684492	A	4pcu.cif_P35520_trimmed_128_2_pred.cif	4pcu.cif_P35520_trimmed_128_2_pred.cif	data/output/complexes/P35520_259.pdb	2.192	14.622	4.849	17.302
P35520	4pcu.cif_P35520_trimmed_64_2_pred.cif	7.128	2.132	15.52	0	0	0	0	5.206	15.344	0	0	0	0	0	0	414-551	40-413	86.23188405797102	97.86096256684492	A	4pcu.cif_P35520_trimmed_64_2_pred.cif	4pcu.cif_P35520_trimmed_64_2_pred.cif	data/output/complexes/P35520_260.pdb	2.132	15.52	5.206	15.344
P35520	4pcu.cif_P35520_trimmed_32_4_pred.cif	9.441	2.389	31.791	0	0	0	0	5.925	18.073	0	0	0	0	0	0	414-551	40-413	86.23188405797102	97.86096256684492	A	4pcu.cif_P35520_trimmed_32_4_pred.cif	4pcu.cif_P35520_trimmed_32_4_pred.cif	data/output/complexes/P35520_261.pdb	2.389	31.791	5.925	18.073
P35520	4pcu.cif_P35520_trimmed_128_4_pred.cif	10.902	2.373	20.481	0	0	0	0	4.6	22.254	0	0	0	0	0	0	414-551	40-413	86.23188405797102	97.86096256684492	A	4pcu.cif_P35520_trimmed_128_4_pred.cif	4pcu.cif_P35520_trimmed_128_4_pred.cif	data/output/complexes/P35520_262.pdb	2.373	20.481	4.6	22.254
P35520	4pcu.cif_P35520_trimmed_16_0_pred.cif	6.332	2.315	18.054	0	0	0	0	4.912	10.665	0	0	0	0	0	0	414-551	40-413	86.23188405797102	97.86096256684492	A	4pcu.cif_P35520_trimmed_16_0_pred.cif	4pcu.cif_P35520_trimmed_16_0_pred.cif	data/output/complexes/P35520_263.pdb	2.315	18.054	4.912	10.665
P35520	4pcu.cif_P35520_trimmed_32_0_pred.cif	6.365	2.315	10.957	0	0	0	0	4.796	12.842	0	0	0	0	0	0	414-551	40-413	86.23188405797102	97.86096256684492	A	4pcu.cif_P35520_trimmed_32_0_pred.cif	4pcu.cif_P35520_trimmed_32_0_pred.cif	data/output/complexes/P35520_264.pdb	2.315	10.957	4.796	12.842
P35520	4pcu.cif_P35520_trimmed_64_0_pred.cif	10.901	2.729	28.326	0	0	0	0	6.717	33.072	0	0	0	0	0	0	414-551	40-413	86.23188405797102	97.86096256684492	A	4pcu.cif_P35520_trimmed_64_0_pred.cif	4pcu.cif_P35520_trimmed_64_0_pred.cif	data/output/complexes/P35520_265.pdb	2.729	28.326	6.717	33.072
P35520	4pcu.cif_P35520_trimmed_16_4_pred.cif	7.038	2.287	22.645	0	0	0	0	5.614	14.114	0	0	0	0	0	0	414-551	40-413	86.23188405797102	97.86096256684492	A	4pcu.cif_P35520_trimmed_16_4_pred.cif	4pcu.cif_P35520_trimmed_16_4_pred.cif	data/output/complexes/P35520_266.pdb	2.287	22.645	5.614	14.114
P35520	4pcu.cif_P35520_trimmed_256_4_pred.cif	6.794	2.041	13.219	0	0	0	0	5.337	16.384	0	0	0	0	0	0	414-551	40-413	86.23188405797102	97.86096256684492	A	4pcu.cif_P35520_trimmed_256_4_pred.cif	4pcu.cif_P35520_trimmed_256_4_pred.cif	data/output/complexes/P35520_267.pdb	2.041	13.219	5.337	16.384
P35520	4pcu.cif_P35520_trimmed_256_1_pred.cif	9.023	2.432	21.556	0	0	0	0	4.857	16.584	0	0	0	0	0	0	414-551	40-413	86.23188405797102	97.86096256684492	A	4pcu.cif_P35520_trimmed_256_1_pred.cif	4pcu.cif_P35520_trimmed_256_1_pred.cif	data/output/complexes/P35520_268.pdb	2.432	21.556	4.857	16.584
P35520	4pcu.cif_P35520_trimmed_32_3_pred.cif	11.011	2.543	31.299	0	0	0	0	5.979	27.046	0	0	0	0	0	0	414-551	40-413	86.23188405797102	97.86096256684492	A	4pcu.cif_P35520_trimmed_32_3_pred.cif	4pcu.cif_P35520_trimmed_32_3_pred.cif	data/output/complexes/P35520_269.pdb	2.543	31.299	5.979	27.046
P35520	4pcu.cif_P35520_trimmed_128_0_pred.cif	8.129	2.362	14.513	0	0	0	0	4.866	16.287	0	0	0	0	0	0	414-551	40-413	86.23188405797102	97.86096256684492	A	4pcu.cif_P35520_trimmed_128_0_pred.cif	4pcu.cif_P35520_trimmed_128_0_pred.cif	data/output/complexes/P35520_270.pdb	2.362	14.513	4.866	16.287
P35520	4pcu.cif_P35520_trimmed_32_1_pred.cif	12.963	2.372	38.565	0	0	0	0	4.987	26.638	0	0	0	0	0	0	414-551	40-413	86.23188405797102	97.86096256684492	A	4pcu.cif_P35520_trimmed_32_1_pred.cif	4pcu.cif_P35520_trimmed_32_1_pred.cif	data/output/complexes/P35520_271.pdb	2.372	38.565	4.987	26.638
P35520	4pcu.cif_P35520_trimmed_64_3_pred.cif	6.958	2.289	22.571	0	0	0	0	5.007	14.457	0	0	0	0	0	0	414-551	40-413	86.23188405797102	97.86096256684492	A	4pcu.cif_P35520_trimmed_64_3_pred.cif	4pcu.cif_P35520_trimmed_64_3_pred.cif	data/output/complexes/P35520_272.pdb	2.289	22.571	5.007	14.457
P35520	4pcu.cif_P35520_trimmed_256_3_pred.cif	7.56	2.374	17.856	0	0	0	0	4.644	16.178	0	0	0	0	0	0	414-551	40-413	86.23188405797102	97.86096256684492	A	4pcu.cif_P35520_trimmed_256_3_pred.cif	4pcu.cif_P35520_trimmed_256_3_pred.cif	data/output/complexes/P35520_273.pdb	2.374	17.856	4.644	16.178
P35520	4pcu.cif_P35520_trimmed_16_3_pred.cif	8.995	3.143	34.793	0	0	0	0	5.446	17.125	0	0	0	0	0	0	414-551	40-413	86.23188405797102	97.86096256684492	A	4pcu.cif_P35520_trimmed_16_3_pred.cif	4pcu.cif_P35520_trimmed_16_3_pred.cif	data/output/complexes/P35520_274.pdb	3.143	34.793	5.446	17.125
P27577	1r36.cif_P27577_trimmed_64_4_pred.cif	13.736	1.931	37.177	0	0	0	0	4.166	28.499	0	0	0	0	0	0	304-310	416-441	100.0	92.3076923076923	A	1r36.cif_P27577_trimmed_64_4_pred.cif	1r36.cif_P27577_trimmed_64_4_pred.cif	data/output/complexes/P27577_275.pdb	1.931	37.177	4.166	28.499
P27577	1r36.cif_P27577_trimmed_64_3_pred.cif	11.431	1.972	30.688	0	0	0	0	4.335	24.165	0	0	0	0	0	0	304-310	416-441	100.0	92.3076923076923	A	1r36.cif_P27577_trimmed_64_3_pred.cif	1r36.cif_P27577_trimmed_64_3_pred.cif	data/output/complexes/P27577_276.pdb	1.972	30.688	4.335	24.165
P27577	1r36.cif_P27577_trimmed_32_1_pred.cif	13.723	4.48	34.278	0	0	0	0	3.863	27.884	0	0	0	0	0	0	304-310	416-441	100.0	92.3076923076923	A	1r36.cif_P27577_trimmed_32_1_pred.cif	1r36.cif_P27577_trimmed_32_1_pred.cif	data/output/complexes/P27577_277.pdb	4.48	34.278	3.863	27.884
P27577	1r36.cif_P27577_trimmed_16_4_pred.cif	13.282	4.881	31.463	0	0	0	0	3.768	26.31	0	0	0	0	0	0	304-310	416-441	100.0	92.3076923076923	A	1r36.cif_P27577_trimmed_16_4_pred.cif	1r36.cif_P27577_trimmed_16_4_pred.cif	data/output/complexes/P27577_278.pdb	4.881	31.463	3.768	26.31
P27577	1r36.cif_P27577_trimmed_256_3_pred.cif	11.665	1.966	32.3	0	0	0	0	4.004	24.373	0	0	0	0	0	0	304-310	416-441	100.0	92.3076923076923	A	1r36.cif_P27577_trimmed_256_3_pred.cif	1r36.cif_P27577_trimmed_256_3_pred.cif	data/output/complexes/P27577_279.pdb	1.966	32.3	4.004	24.373
P27577	1r36.cif_P27577_trimmed_128_4_pred.cif	11.827	2.104	33.381	0	0	0	0	4.007	25.459	0	0	0	0	0	0	304-310	416-441	100.0	92.3076923076923	A	1r36.cif_P27577_trimmed_128_4_pred.cif	1r36.cif_P27577_trimmed_128_4_pred.cif	data/output/complexes/P27577_280.pdb	2.104	33.381	4.007	25.459
P27577	1r36.cif_P27577_trimmed_32_0_pred.cif	10.649	2.197	27.07	0	0	0	0	3.903	20.956	0	0	0	0	0	0	304-310	416-441	100.0	92.3076923076923	A	1r36.cif_P27577_trimmed_32_0_pred.cif	1r36.cif_P27577_trimmed_32_0_pred.cif	data/output/complexes/P27577_281.pdb	2.197	27.07	3.903	20.956
P27577	1r36.cif_P27577_trimmed_64_0_pred.cif	11.847	3.675	31.234	0	0	0	0	4.212	23.398	0	0	0	0	0	0	304-310	416-441	100.0	92.3076923076923	A	1r36.cif_P27577_trimmed_64_0_pred.cif	1r36.cif_P27577_trimmed_64_0_pred.cif	data/output/complexes/P27577_282.pdb	3.675	31.234	4.212	23.398
P27577	1r36.cif_P27577_trimmed_16_2_pred.cif	10.556	1.903	23.535	0	0	0	0	3.301	22.618	0	0	0	0	0	0	304-310	416-441	100.0	92.3076923076923	A	1r36.cif_P27577_trimmed_16_2_pred.cif	1r36.cif_P27577_trimmed_16_2_pred.cif	data/output/complexes/P27577_283.pdb	1.903	23.535	3.301	22.618
P27577	1r36.cif_P27577_trimmed_16_1_pred.cif	13.184	2.305	32.102	0	0	0	0	3.386	24.671	0	0	0	0	0	0	304-310	416-441	100.0	92.3076923076923	A	1r36.cif_P27577_trimmed_16_1_pred.cif	1r36.cif_P27577_trimmed_16_1_pred.cif	data/output/complexes/P27577_284.pdb	2.305	32.102	3.386	24.671
P27577	1r36.cif_P27577_trimmed_32_3_pred.cif	10.02	1.961	28.8	0	0	0	0	4.026	16.477	0	0	0	0	0	0	304-310	416-441	100.0	92.3076923076923	A	1r36.cif_P27577_trimmed_32_3_pred.cif	1r36.cif_P27577_trimmed_32_3_pred.cif	data/output/complexes/P27577_285.pdb	1.961	28.8	4.026	16.477
P27577	1r36.cif_P27577_trimmed_256_4_pred.cif	12.981	1.931	31.645	0	0	0	0	4.368	26.214	0	0	0	0	0	0	304-310	416-441	100.0	92.3076923076923	A	1r36.cif_P27577_trimmed_256_4_pred.cif	1r36.cif_P27577_trimmed_256_4_pred.cif	data/output/complexes/P27577_286.pdb	1.931	31.645	4.368	26.214
P27577	1r36.cif_P27577_trimmed_32_4_pred.cif	8.667	3.688	19.713	0	0	0	0	3.971	15.223	0	0	0	0	0	0	304-310	416-441	100.0	92.3076923076923	A	1r36.cif_P27577_trimmed_32_4_pred.cif	1r36.cif_P27577_trimmed_32_4_pred.cif	data/output/complexes/P27577_287.pdb	3.688	19.713	3.971	15.223
P27577	1r36.cif_P27577_trimmed_64_2_pred.cif	11.448	2.55	35.402	0	0	0	0	4.09	21.941	0	0	0	0	0	0	304-310	416-441	100.0	92.3076923076923	A	1r36.cif_P27577_trimmed_64_2_pred.cif	1r36.cif_P27577_trimmed_64_2_pred.cif	data/output/complexes/P27577_288.pdb	2.55	35.402	4.09	21.941
P27577	1r36.cif_P27577_trimmed_16_0_pred.cif	13.301	4.57	35.415	0	0	0	0	3.88	26.629	0	0	0	0	0	0	304-310	416-441	100.0	92.3076923076923	A	1r36.cif_P27577_trimmed_16_0_pred.cif	1r36.cif_P27577_trimmed_16_0_pred.cif	data/output/complexes/P27577_289.pdb	4.57	35.415	3.88	26.629
P27577	1r36.cif_P27577_trimmed_128_3_pred.cif	10.796	2.354	33.503	0	0	0	0	4.088	21.567	0	0	0	0	0	0	304-310	416-441	100.0	92.3076923076923	A	1r36.cif_P27577_trimmed_128_3_pred.cif	1r36.cif_P27577_trimmed_128_3_pred.cif	data/output/complexes/P27577_290.pdb	2.354	33.503	4.088	21.567
P27577	1r36.cif_P27577_trimmed_32_2_pred.cif	11.666	2.415	30.37	0	0	0	0	4.049	22.302	0	0	0	0	0	0	304-310	416-441	100.0	92.3076923076923	A	1r36.cif_P27577_trimmed_32_2_pred.cif	1r36.cif_P27577_trimmed_32_2_pred.cif	data/output/complexes/P27577_291.pdb	2.415	30.37	4.049	22.302
P27577	1r36.cif_P27577_trimmed_128_1_pred.cif	12.628	2.051	28.947	0	0	0	0	4.323	26.027	0	0	0	0	0	0	304-310	416-441	100.0	92.3076923076923	A	1r36.cif_P27577_trimmed_128_1_pred.cif	1r36.cif_P27577_trimmed_128_1_pred.cif	data/output/complexes/P27577_292.pdb	2.051	28.947	4.323	26.027
P27577	1r36.cif_P27577_trimmed_16_3_pred.cif	15.478	2.158	19.153	0	0	0	0	5.524	24.459	0	0	0	0	0	0	304-310	416-441	100.0	92.3076923076923	A	1r36.cif_P27577_trimmed_16_3_pred.cif	1r36.cif_P27577_trimmed_16_3_pred.cif	data/output/complexes/P27577_293.pdb	2.158	19.153	5.524	24.459
P27577	1r36.cif_P27577_trimmed_256_2_pred.cif	11.904	1.903	27.82	0	0	0	0	4.386	23.847	0	0	0	0	0	0	304-310	416-441	100.0	92.3076923076923	A	1r36.cif_P27577_trimmed_256_2_pred.cif	1r36.cif_P27577_trimmed_256_2_pred.cif	data/output/complexes/P27577_294.pdb	1.903	27.82	4.386	23.847
P27577	1r36.cif_P27577_trimmed_128_0_pred.cif	10.856	2.136	31.23	0	0	0	0	4.126	20.962	0	0	0	0	0	0	304-310	416-441	100.0	92.3076923076923	A	1r36.cif_P27577_trimmed_128_0_pred.cif	1r36.cif_P27577_trimmed_128_0_pred.cif	data/output/complexes/P27577_295.pdb	2.136	31.23	4.126	20.962
P27577	1r36.cif_P27577_trimmed_256_1_pred.cif	11.828	1.975	31.212	0	0	0	0	4.501	23.989	0	0	0	0	0	0	304-310	416-441	100.0	92.3076923076923	A	1r36.cif_P27577_trimmed_256_1_pred.cif	1r36.cif_P27577_trimmed_256_1_pred.cif	data/output/complexes/P27577_296.pdb	1.975	31.212	4.501	23.989
P27577	1r36.cif_P27577_trimmed_256_0_pred.cif	12.239	2.032	33.927	0	0	0	0	4.239	25.445	0	0	0	0	0	0	304-310	416-441	100.0	92.3076923076923	A	1r36.cif_P27577_trimmed_256_0_pred.cif	1r36.cif_P27577_trimmed_256_0_pred.cif	data/output/complexes/P27577_297.pdb	2.032	33.927	4.239	25.445
P27577	1r36.cif_P27577_trimmed_128_2_pred.cif	11.873	2.44	36.483	0	0	0	0	4.279	23.593	0	0	0	0	0	0	304-310	416-441	100.0	92.3076923076923	A	1r36.cif_P27577_trimmed_128_2_pred.cif	1r36.cif_P27577_trimmed_128_2_pred.cif	data/output/complexes/P27577_298.pdb	2.44	36.483	4.279	23.593
P27577	1r36.cif_P27577_trimmed_64_1_pred.cif	10.576	2.249	28.511	0	0	0	0	4.266	19.048	0	0	0	0	0	0	304-310	416-441	100.0	92.3076923076923	A	1r36.cif_P27577_trimmed_64_1_pred.cif	1r36.cif_P27577_trimmed_64_1_pred.cif	data/output/complexes/P27577_299.pdb	2.249	28.511	4.266	19.048
P53042	4ja9.cif_P53042_trimmed_128_1_pred.cif	22.867	2.534	35.373	0	0	0	0	3.41	35.996	0	0	0	0	0	0	28-129	495-499	100.0	80.0	A	4ja9.cif_P53042_trimmed_128_1_pred.cif	4ja9.cif_P53042_trimmed_128_1_pred.cif	data/output/complexes/P53042_300.pdb	2.534	35.373	3.41	35.996
P53042	4ja9.cif_P53042_trimmed_128_4_pred.cif	19.287	2.478	15.69	0	0	0	0	3.359	34.196	0	0	0	0	0	0	28-129	495-499	100.0	80.0	A	4ja9.cif_P53042_trimmed_128_4_pred.cif	4ja9.cif_P53042_trimmed_128_4_pred.cif	data/output/complexes/P53042_301.pdb	2.478	15.69	3.359	34.196
P53042	4ja9.cif_P53042_trimmed_32_1_pred.cif	20.508	2.508	30.855	0	0	0	0	3.163	37.437	0	0	0	0	0	0	28-129	495-499	100.0	80.0	A	4ja9.cif_P53042_trimmed_32_1_pred.cif	4ja9.cif_P53042_trimmed_32_1_pred.cif	data/output/complexes/P53042_302.pdb	2.508	30.855	3.163	37.437
P53042	4ja9.cif_P53042_trimmed_128_3_pred.cif	17.57	2.478	28.845	0	0	0	0	2.158	32.952	0	0	0	0	0	0	28-129	495-499	100.0	80.0	A	4ja9.cif_P53042_trimmed_128_3_pred.cif	4ja9.cif_P53042_trimmed_128_3_pred.cif	data/output/complexes/P53042_303.pdb	2.478	28.845	2.158	32.952
P53042	4ja9.cif_P53042_trimmed_16_2_pred.cif	19.228	2.519	24.035	0	0	0	0	2.163	44.135	0	0	0	0	0	0	28-129	495-499	100.0	80.0	A	4ja9.cif_P53042_trimmed_16_2_pred.cif	4ja9.cif_P53042_trimmed_16_2_pred.cif	data/output/complexes/P53042_304.pdb	2.519	24.035	2.163	44.135
P53042	4ja9.cif_P53042_trimmed_32_2_pred.cif	16.728	2.482	32.837	0	0	0	0	2.793	40.454	0	0	0	0	0	0	28-129	495-499	100.0	80.0	A	4ja9.cif_P53042_trimmed_32_2_pred.cif	4ja9.cif_P53042_trimmed_32_2_pred.cif	data/output/complexes/P53042_305.pdb	2.482	32.837	2.793	40.454
P53042	4ja9.cif_P53042_trimmed_64_0_pred.cif	19.41	2.467	29.961	0	0	0	0	3.343	35.634	0	0	0	0	0	0	28-129	495-499	100.0	80.0	A	4ja9.cif_P53042_trimmed_64_0_pred.cif	4ja9.cif_P53042_trimmed_64_0_pred.cif	data/output/complexes/P53042_306.pdb	2.467	29.961	3.343	35.634
P53042	4ja9.cif_P53042_trimmed_16_0_pred.cif	14.775	2.481	26.737	0	0	0	0	3.659	38.13	0	0	0	0	0	0	28-129	495-499	100.0	80.0	A	4ja9.cif_P53042_trimmed_16_0_pred.cif	4ja9.cif_P53042_trimmed_16_0_pred.cif	data/output/complexes/P53042_307.pdb	2.481	26.737	3.659	38.13
P53042	4ja9.cif_P53042_trimmed_256_3_pred.cif	18.836	2.487	23.549	0	0	0	0	3.893	23.59	0	0	0	0	0	0	28-129	495-499	100.0	80.0	A	4ja9.cif_P53042_trimmed_256_3_pred.cif	4ja9.cif_P53042_trimmed_256_3_pred.cif	data/output/complexes/P53042_308.pdb	2.487	23.549	3.893	23.59
P53042	4ja9.cif_P53042_trimmed_128_2_pred.cif	19.296	2.549	26.048	0	0	0	0	3.507	33.988	0	0	0	0	0	0	28-129	495-499	100.0	80.0	A	4ja9.cif_P53042_trimmed_128_2_pred.cif	4ja9.cif_P53042_trimmed_128_2_pred.cif	data/output/complexes/P53042_309.pdb	2.549	26.048	3.507	33.988
P53042	4ja9.cif_P53042_trimmed_64_3_pred.cif	19.422	2.482	28.466	0	0	0	0	3.112	36.219	0	0	0	0	0	0	28-129	495-499	100.0	80.0	A	4ja9.cif_P53042_trimmed_64_3_pred.cif	4ja9.cif_P53042_trimmed_64_3_pred.cif	data/output/complexes/P53042_310.pdb	2.482	28.466	3.112	36.219
P53042	4ja9.cif_P53042_trimmed_32_4_pred.cif	23.967	2.562	19.774	0	0	0	0	3.816	27.013	0	0	0	0	0	0	28-129	495-499	100.0	80.0	A	4ja9.cif_P53042_trimmed_32_4_pred.cif	4ja9.cif_P53042_trimmed_32_4_pred.cif	data/output/complexes/P53042_311.pdb	2.562	19.774	3.816	27.013
P53042	4ja9.cif_P53042_trimmed_32_0_pred.cif	17.304	2.488	16.878	0	0	0	0	3.566	37.485	0	0	0	0	0	0	28-129	495-499	100.0	80.0	A	4ja9.cif_P53042_trimmed_32_0_pred.cif	4ja9.cif_P53042_trimmed_32_0_pred.cif	data/output/complexes/P53042_312.pdb	2.488	16.878	3.566	37.485
P53042	4ja9.cif_P53042_trimmed_64_2_pred.cif	19.3	2.465	28.88	0	0	0	0	4.469	38.122	0	0	0	0	0	0	28-129	495-499	100.0	80.0	A	4ja9.cif_P53042_trimmed_64_2_pred.cif	4ja9.cif_P53042_trimmed_64_2_pred.cif	data/output/complexes/P53042_313.pdb	2.465	28.88	4.469	38.122
P53042	4ja9.cif_P53042_trimmed_16_3_pred.cif	19.882	2.519	22.62	0	0	0	0	2.469	42.585	0	0	0	0	0	0	28-129	495-499	100.0	80.0	A	4ja9.cif_P53042_trimmed_16_3_pred.cif	4ja9.cif_P53042_trimmed_16_3_pred.cif	data/output/complexes/P53042_314.pdb	2.519	22.62	2.469	42.585
P53042	4ja9.cif_P53042_trimmed_256_1_pred.cif	23.409	2.61	27.733	0	0	0	0	3.993	26.348	0	0	0	0	0	0	28-129	495-499	100.0	80.0	A	4ja9.cif_P53042_trimmed_256_1_pred.cif	4ja9.cif_P53042_trimmed_256_1_pred.cif	data/output/complexes/P53042_315.pdb	2.61	27.733	3.993	26.348
P53042	4ja9.cif_P53042_trimmed_64_1_pred.cif	18.855	2.487	26.558	0	0	0	0	4.524	36.44	0	0	0	0	0	0	28-129	495-499	100.0	80.0	A	4ja9.cif_P53042_trimmed_64_1_pred.cif	4ja9.cif_P53042_trimmed_64_1_pred.cif	data/output/complexes/P53042_316.pdb	2.487	26.558	4.524	36.44
P53042	4ja9.cif_P53042_trimmed_256_4_pred.cif	21.096	2.641	22.695	0	0	0	0	3.211	28.496	0	0	0	0	0	0	28-129	495-499	100.0	80.0	A	4ja9.cif_P53042_trimmed_256_4_pred.cif	4ja9.cif_P53042_trimmed_256_4_pred.cif	data/output/complexes/P53042_317.pdb	2.641	22.695	3.211	28.496
P53042	4ja9.cif_P53042_trimmed_64_4_pred.cif	18.887	2.468	34.159	0	0	0	0	4.044	29.652	0	0	0	0	0	0	28-129	495-499	100.0	80.0	A	4ja9.cif_P53042_trimmed_64_4_pred.cif	4ja9.cif_P53042_trimmed_64_4_pred.cif	data/output/complexes/P53042_318.pdb	2.468	34.159	4.044	29.652
P53042	4ja9.cif_P53042_trimmed_128_0_pred.cif	18.96	2.534	21.682	0	0	0	0	2.93	36.211	0	0	0	0	0	0	28-129	495-499	100.0	80.0	A	4ja9.cif_P53042_trimmed_128_0_pred.cif	4ja9.cif_P53042_trimmed_128_0_pred.cif	data/output/complexes/P53042_319.pdb	2.534	21.682	2.93	36.211
P53042	4ja9.cif_P53042_trimmed_32_3_pred.cif	20.042	2.46	35.982	0	0	0	0	3.405	36.773	0	0	0	0	0	0	28-129	495-499	100.0	80.0	A	4ja9.cif_P53042_trimmed_32_3_pred.cif	4ja9.cif_P53042_trimmed_32_3_pred.cif	data/output/complexes/P53042_320.pdb	2.46	35.982	3.405	36.773
P53042	4ja9.cif_P53042_trimmed_256_2_pred.cif	18.618	2.512	26.298	0	0	0	0	3.462	42.295	0	0	0	0	0	0	28-129	495-499	100.0	80.0	A	4ja9.cif_P53042_trimmed_256_2_pred.cif	4ja9.cif_P53042_trimmed_256_2_pred.cif	data/output/complexes/P53042_321.pdb	2.512	26.298	3.462	42.295
P53042	4ja9.cif_P53042_trimmed_16_1_pred.cif	15.94	2.552	23.41	0	0	0	0	3.58	29.2	0	0	0	0	0	0	28-129	495-499	100.0	80.0	A	4ja9.cif_P53042_trimmed_16_1_pred.cif	4ja9.cif_P53042_trimmed_16_1_pred.cif	data/output/complexes/P53042_322.pdb	2.552	23.41	3.58	29.2
P53042	4ja9.cif_P53042_trimmed_16_4_pred.cif	20.555	2.606	18.805	0	0	0	0	2.637	43.805	0	0	0	0	0	0	28-129	495-499	100.0	80.0	A	4ja9.cif_P53042_trimmed_16_4_pred.cif	4ja9.cif_P53042_trimmed_16_4_pred.cif	data/output/complexes/P53042_323.pdb	2.606	18.805	2.637	43.805
P53042	4ja9.cif_P53042_trimmed_256_0_pred.cif	20.978	2.64	25.409	0	0	0	0	3.204	36.112	0	0	0	0	0	0	28-129	495-499	100.0	80.0	A	4ja9.cif_P53042_trimmed_256_0_pred.cif	4ja9.cif_P53042_trimmed_256_0_pred.cif	data/output/complexes/P53042_324.pdb	2.64	25.409	3.204	36.112
